ingredient,concept_id,count,perc
propofol,753626.0,36895.0,95.35316465510557
acetaminophen,1125315.0,34695.0,89.66738169694777
fentanyl citrate,1154029.0,34178.0,88.33122270178069
ondansetron hcl,1000560.0,34084.0,88.0882847026594
dexamethasone sodium phosphate,1518254.0,30849.0,79.72759930736825
rocuronium bromide,19003953.0,28410.0,73.42413356421058
midazolam hcl,708298.0,27909.0,72.1293257178301
sodium chloride,967823.0,25090.0,64.84377019099063
oxycodone hcl,1124957.0,19708.0,50.9342775178973
hydromorphone hcl,1126658.0,19348.0,50.00387667019874
lidocaine hcl,989878.0,18360.0,47.45044323262606
phenylephrine dilution,1135766.0,17463.0,45.13219445377717
docusate sodium,941258.0,17429.0,45.04432326260564
ephedrine sulfate,1143374.0,16673.0,43.09048148243868
lidocaine,989878.0,16594.0,42.886310185304836
sugammadex sodium,35604506.0,16156.0,41.7543224872716
cefazolin sodium,1771162.0,15137.0,39.12077119892487
neostigmine methylsulfate,717136.0,13468.0,34.807329491122424
povidone,950056.0,12914.0,33.37554596438632
iodine,1780601.0,12904.0,33.349701496394694
gabapentin,797399.0,12376.0,31.985113586436825
succinylcholine chloride,836208.0,12295.0,31.775773395704647
heparin sodium,35884360.0,12280.0,31.737006693717213
enoxaparin sodium,1301025.0,11086.0,28.65117721551702
plasma,,10820.0,27.963714366939758
epinephrine,1343916.0,10646.0,27.514020623885454
glucagon hcl,1560278.0,10440.0,26.98162458325795
hydrocodone,1174888.0,10059.0,25.996950352776988
iohexol,19080985.0,9744.0,25.18284961104076
magnesium sulfate,19093848.0,9516.0,24.593595740831674
bupivacaine hcl,732893.0,9457.0,24.441113379681077
ketorolac tromethamine,1136980.0,9318.0,24.081875274597472
famotidine,953076.0,8985.0,23.221254490476316
insulin lispro,1550023.0,8430.0,21.78688651694105
pantoprazole sodium,948078.0,8278.0,21.39405060346833
morphine sulfate,1110410.0,8114.0,20.970201328405654
methocarbamol,704943.0,7436.0,19.217946398573385
bacitracin,915175.0,6700.0,17.315793554389682
bisacodyl,924939.0,6627.0,17.12712893805081
diphenhydramine hcl,1129625.0,6577.0,16.997906598092676
atorvastatin calcium,1545958.0,6182.0,15.977050112423436
bupivacaine,732893.0,6002.0,15.511849688574161
labetalol hcl,1386957.0,5638.0,14.571111053678958
heparin,1367571.0,5470.0,14.136923991419636
hydralazine hcl,1373928.0,5311.0,13.725996950352776
ketamine hcl,785649.0,5236.0,13.532163440415578
ropivacaine hcl,1136487.0,5226.0,13.506318972423953
ceftriaxone iv,1777806.0,4989.0,12.893805081022409
cefazolin iv push,1771162.0,4828.0,12.477709146357222
furosemide,956874.0,4807.0,12.423435763574807
amlodipine,1332418.0,4778.0,12.348486806399091
perflutren lipid microsphere,19071160.0,4389.0,11.343137001524823
magnesium oxide,993631.0,4258.0,11.004574470834518
calcium chloride,19036781.0,4106.0,10.611738557361797
sodium chloride flush,967823.0,4087.0,10.562634068177706
thrombin,1300673.0,4049.0,10.464425089809525
metoprolol tartrate,1307046.0,4019.0,10.386891685834646
menthol,901656.0,3884.0,10.03799136794769
potassium chloride crys cr,19049105.0,3865.0,9.9888868787636
chlorhexidine gluconate,1790812.0,3810.0,9.846742304809656
tazobactam ivpb,1741122.0,3791.0,9.797637815625565
piperacillin,1746114.0,3790.0,9.795053368826402
ipratropium,1112921.0,3755.0,9.70459773085571
cefepime ivpb,1748975.0,3564.0,9.210968392215646
sodium phosphates,19136048.0,3537.0,9.141188328638256
metronidazole in nacl,1707164.0,3537.0,9.141188328638256
citrate of magnesia,19011034.0,3521.0,9.099837179851653
dextrose,,3518.0,9.092083839454165
scopolamine,965748.0,3515.0,9.084330499056676
benazepril hcl,1335471.0,3499.0,9.042979350270075
esmolol hcl,19063575.0,3475.0,8.980952627090172
albuterol,1154343.0,3459.0,8.939601478303569
promethazine ivpb,1153013.0,3452.0,8.92151035070943
tamsulosin hcl,924566.0,3338.0,8.62688341560489
beta carotene po tabs,19037223.0,3320.0,8.580363373219962
vancomycin ivpb,1707687.0,3298.0,8.523505543638384
aspirin,1112807.0,3096.0,8.00144729020753
remifentanil infusion in,19016749.0,3082.0,7.965265035019255
tranexamic acid ivpb,1303425.0,3075.0,7.947173907425116
metoclopramide hcl,906780.0,3049.0,7.879978290646887
lorazepam,791967.0,2915.0,7.533662419559094
insulin glargine,1502905.0,2900.0,7.494895717571653
potassium phosphates ivpb,19049024.0,2864.0,7.401855632801799
potassium acetate ivpb,19076414.0,2853.0,7.37342671801101
calcium gluconate,19037038.0,2742.0,7.086553123303957
ibuprofen,1177480.0,2731.0,7.058124208513168
lactated ringers iv soln,,2709.0,7.001266378931589
simethicone,966991.0,2685.0,6.939239655751686
levothyroxine sodium,1501700.0,2656.0,6.86429069857597
calcium carbonate antacid,19035704.0,2650.0,6.848784017780994
losartan potassium,1367500.0,2636.0,6.812601762592717
meperidine hcl,1102527.0,2589.0,6.691132763032074
methylene blue,905518.0,2544.0,6.574832657069754
vancomycin,1707687.0,2503.0,6.468870338304086
ferrous sulfate,1396131.0,2471.0,6.386168040730881
iopamidol,19081224.0,2465.0,6.370661359935906
potassium chloride,19049105.0,2353.0,6.08120331842969
magnesium hydroxide,992956.0,2342.0,6.052774403638901
mg or caps,,2323.0,6.003669914454811
gadoteridol,19097463.0,2318.0,5.990747680458998
hydromorphone,1126658.0,2310.0,5.970072106065697
melatonin,1301152.0,2297.0,5.9364742976765825
potassium,19049024.0,2276.0,5.882200914894167
albuterol sulfate,1154343.0,2254.0,5.825343085312589
carvedilol,1346823.0,2152.0,5.561729511798
naloxegol oxalate,45774613.0,2144.0,5.5410539374046985
nicardipine,1318137.0,2075.0,5.362727108262477
norepinephrine,1321341.0,2055.0,5.311038172279224
aspirin ec,1112807.0,1953.0,5.047424598764635
tramadol hcl,1103314.0,1940.0,5.0138267903755205
nitroglycerin,1361711.0,1935.0,5.000904556379707
ampicillin,1717327.0,1934.0,4.998320109580544
ml iv soln,,1932.0,4.993151215982219
sulbactam ivpb,1836241.0,1924.0,4.972475641588918
isopropyl alcohol,19028106.0,1888.0,4.879435556819063
fentanyl,1154029.0,1859.0,4.804486599643346
meloxicam,1150345.0,1847.0,4.773473238053395
vancomycin hcl,1707687.0,1825.0,4.716615408471816
ml iv injection wrapped record,,1819.0,4.701108727676841
phenylephrine infusion,1135766.0,1785.0,4.613237536505311
hydroxyzine hcl,777221.0,1730.0,4.471092962551366
sodium bicarbonate,939506.0,1710.0,4.419404026568113
sodium phosphate ivpb,939871.0,1680.0,4.341870622593234
zolpidem tartrate,744740.0,1677.0,4.334117282195746
potassium chloride ivpb,19049105.0,1670.0,4.316026154601608
clindamycin phosphate in nacl,997881.0,1623.0,4.194557155040964
neomycin,915981.0,1601.0,4.137699325459385
potassium phosphates,19049024.0,1599.0,4.132530431861061
cefazolin ivpb,1771162.0,1591.0,4.111854857467759
unit,,1561.0,4.03432145349288
alteplase,1347450.0,1534.0,3.964541389915489
lactulose,987245.0,1530.0,3.954203602718838
mannitol,994058.0,1510.0,3.9025146667355854
metoprolol succinate,1307046.0,1478.0,3.819812369162381
etomidate,19050488.0,1459.0,3.7707078799782905
hydrochlorothiazide,974166.0,1452.0,3.7526167523841525
apixaban,43013024.0,1449.0,3.7448634119866644
quetiapine fumarate,766814.0,1434.0,3.7060967099992244
phenylephrine hcl,1135766.0,1399.0,3.6156410720285326
mineral oil light oil,908523.0,1381.0,3.569121029643605
vecuronium bromide,19012598.0,1370.0,3.5406921148528157
diazepam,723013.0,1366.0,3.5303543276561653
dexmedetomidine,19061088.0,1364.0,3.52518543405784
iodixanol,19003201.0,1360.0,3.514847646861189
gentamicin,45892419.0,1268.0,3.277078541338226
folic acid,19111620.0,1261.0,3.258987413744088
prednisone,1551099.0,1211.0,3.129765073785956
ciprofloxacin in d,1797513.0,1210.0,3.127180626986793
zinc sulfate,19044522.0,1200.0,3.101336158995167
glycopyrrolate,,1146.0,2.9617760318403845
clonidine hcl,1398937.0,1112.0,2.8739048406688545
indocyanine green,19078612.0,1112.0,2.8739048406688545
trimethoprim,1705674.0,1090.0,2.817047011087277
sulfamethoxazole,1836430.0,1082.0,2.796371436693976
ir soln,,1073.0,2.773111415501512
acetylcysteine,1139042.0,1066.0,2.7550202879073735
cefotetan ivpb,1774932.0,1051.0,2.716253585919934
celecoxib,1118084.0,1047.0,2.7059157987232836
naloxone hcl,1114220.0,1033.0,2.6697335435350062
trazodone hcl,703547.0,1024.0,2.646473522342543
ceftriaxone ivpb,1777806.0,1005.0,2.5973690331584525
clopidogrel bisulfate,1322184.0,960.0,2.4810689271961337
metronidazole,1707164.0,960.0,2.4810689271961337
magnesium chloride,19092849.0,934.0,2.413873310417905
oxybutynin chloride,918906.0,920.0,2.377691055229628
amoxicillin,1713332.0,915.0,2.364768821233815
cefoxitin iv push,1775741.0,915.0,2.364768821233815
cisatracurium besylate,19015726.0,914.0,2.3621843744346522
levofloxacin in d,1742253.0,900.0,2.3260021192463753
spironolactone,970250.0,897.0,2.3182487788488872
duloxetine hcl,715259.0,889.0,2.297573204455586
rosuvastatin calcium,1510813.0,884.0,2.284650970459773
mupirocin,951511.0,880.0,2.2743131832631223
clindamycin phosphate in d,997881.0,880.0,2.2743131832631223
epinephrine hcl,1343916.0,876.0,2.263975396066472
gentamicin in saline,45892419.0,874.0,2.2588065024681465
zinc oxide,911064.0,871.0,2.251053162070659
levetiracetam,711584.0,863.0,2.2303775876773577
levetiracetam ivpb,711584.0,857.0,2.2148709068823815
senna,,839.0,2.1683508644974543
escitalopram oxalate,715939.0,780.0,2.0158685033468586
cyclobenzaprine hcl,778711.0,761.0,1.9667640141627685
finasteride,996416.0,757.0,1.9564262269661177
calcium carbonate,19035704.0,733.0,1.8943995037862145
fluorescein sodium,996625.0,726.0,1.8763083761920762
cephalexin,1786621.0,723.0,1.868555035794588
opium,923829.0,720.0,1.8608016953971
phenol,923540.0,720.0,1.8608016953971
nifedipine,1318853.0,715.0,1.8478794614012872
lansoprazole,929887.0,712.0,1.8401261210037994
ciprofloxacin hcl,1797513.0,710.0,1.834957227405474
lactulose enema re soln,1234835.0,709.0,1.8323727806063113
cefoxitin ivpb,1775741.0,691.0,1.7858527382213836
methocarbamol ivpb,704943.0,691.0,1.7858527382213836
oxycodone,1124957.0,686.0,1.7729305042255707
azithromycin,1734104.0,683.0,1.7651771638280827
sertraline hcl,739138.0,682.0,1.76259271702892
methylprednisolone sodium succ,1506270.0,680.0,1.7574238234305946
alprazolam,781039.0,678.0,1.7522549298322694
enalaprilat,1342001.0,665.0,1.718657121443155
hydrogen peroxide,1776430.0,663.0,1.71348822784483
ropivacaine regional anesthesia,1136487.0,650.0,1.6798904194557156
prochlorperazine edisylate,752061.0,647.0,1.6721370790582275
nicotine,718583.0,639.0,1.6514615046649264
epinephrine pf,1343916.0,631.0,1.6307859302716252
tacrolimus,950637.0,625.0,1.6152792494766495
loperamide hcl,991876.0,621.0,1.604941462279999
ertapenem iv,1717963.0,619.0,1.5997725686816737
baclofen,715233.0,619.0,1.5997725686816737
prednisolone acetate,1550557.0,613.0,1.5842658878866978
oxymetazoline hcl,925636.0,613.0,1.5842658878866978
tizanidine hcl,778474.0,612.0,1.5816814410875353
moxifloxacin hcl,1716903.0,609.0,1.5739281006900474
fluconazole in sodium chloride,1754994.0,606.0,1.5661747602925595
bumetanide,932745.0,600.0,1.5506680794975836
tranexamic acid,1303425.0,597.0,1.5429147391000957
allopurinol,1167322.0,596.0,1.540330292300933
salmeterol,1137529.0,596.0,1.540330292300933
fluticasone,1149380.0,589.0,1.5222391647067945
epoetin alfa,1301125.0,588.0,1.5196547179076318
belladonna alkaloids,1116109.0,585.0,1.511901377510144
atenolol,1314002.0,583.0,1.5067324839118186
valsartan,1308842.0,581.0,1.5015635903134934
hydrocortisone sod succinate,975125.0,576.0,1.4886413563176801
dexmedetomidine hcl,19061088.0,571.0,1.475719122321867
sevelamer carbonate,952004.0,571.0,1.475719122321867
technetium tc,702006.0,570.0,1.4731346755227044
clotrimazole,1000632.0,570.0,1.4731346755227044
latanoprost,954688.0,568.0,1.4679657819243792
methylprednisolone sod succinate ophthalmic inj,1506270.0,566.0,1.4627968883260538
methadone hcl,1103640.0,556.0,1.4369524203344273
azithromycin ivpb,1734104.0,556.0,1.4369524203344273
oxytocin,1326115.0,548.0,1.4162768459411263
lidocaine viscous,989878.0,546.0,1.411107952342801
tetracaine hcl,1036884.0,546.0,1.411107952342801
dobutamine,1337720.0,545.0,1.4085235055436385
desmopressin ivpb,1517070.0,545.0,1.4085235055436385
triamcinolone acetonide,903963.0,544.0,1.4059390587444758
ondansetron,1000560.0,544.0,1.4059390587444758
psyllium,957797.0,542.0,1.4007701651461506
mycophenolate sodium,19068900.0,537.0,1.3878479311503373
iron sucrose ivpb,1395773.0,534.0,1.3800945907528495
amiodarone,1309944.0,531.0,1.3723412503553614
hydrocortisone na succinate pf,975125.0,526.0,1.359419016359548
guaifenesin,1163944.0,523.0,1.3516656759620602
midazolam,708298.0,519.0,1.3413278887654099
norepinephrine infusion,1321341.0,516.0,1.3335745483679218
promethazine hcl,1153013.0,512.0,1.3232367611712714
erythromycin,1746940.0,508.0,1.3128989739746209
propranolol hcl,1353766.0,506.0,1.3077300803762955
phenazopyridine hcl,933724.0,506.0,1.3077300803762955
potassium chloride cr,19049105.0,503.0,1.2999767399788076
ascorbic acid,19011773.0,502.0,1.2973922931796449
pregabalin,734354.0,499.0,1.289638952782157
calcium acetate,951469.0,495.0,1.2793011655855064
sucralfate,1036228.0,493.0,1.274132271987181
tobramycin sulfate,902722.0,493.0,1.274132271987181
selenium,966282.0,492.0,1.2715478251880186
nystatin,922570.0,490.0,1.2663789315896932
bisacodyl ec,924939.0,490.0,1.2663789315896932
atropine sulfate,914335.0,489.0,1.2637944847905307
venlafaxine hcl,743670.0,478.0,1.2353655699997417
dexamethasone,1518254.0,474.0,1.2250277828030909
amiodarone hcl,1309944.0,474.0,1.2250277828030909
metformin hcl,1503297.0,474.0,1.2250277828030909
misoprostol,1150871.0,472.0,1.2198588892047657
methylene blue ivpb,905518.0,465.0,1.2017677616106273
bupivacaine liposome,732893.0,462.0,1.1940144212131394
mirtazapine,725131.0,461.0,1.1914299744139767
fluticasone propionate,1149380.0,461.0,1.1914299744139767
montelukast sodium,1154161.0,459.0,1.1862610808156515
cetirizine hcl,1149196.0,452.0,1.168169953221513
cefazolin ophthalmic inj,1771162.0,451.0,1.1655855064223504
carboxymethylcellulose sodium,949279.0,449.0,1.160416612824025
magnesium sulfate ivpb,19093848.0,448.0,1.1578321660248625
haloperidol lactate,766529.0,448.0,1.1578321660248625
vancomycin per pharmacy,1707687.0,444.0,1.1474943788282117
fluoxetine hcl,755695.0,443.0,1.144909932029049
methylprednisolone ivpb,1506270.0,441.0,1.1397410384307238
indomethacin,1178663.0,440.0,1.1371565916315611
midodrine hcl,1308368.0,430.0,1.1113121236399348
calcitriol,19035631.0,430.0,1.1113121236399348
barium sulfate,19011331.0,427.0,1.103558783242447
polyvinyl alcohol,948856.0,422.0,1.090636549246634
loratadine,1107830.0,417.0,1.0777143152508206
pravastatin sodium,1551860.0,416.0,1.075129868451658
methylergonovine maleate,1305637.0,415.0,1.0725454216524952
sodium polystyrene sulfonate,19078126.0,414.0,1.0699609748533325
vasopressin,,412.0,1.0647920812550073
cyclopentolate hcl,910232.0,410.0,1.059623187656682
fluconazole,1754994.0,409.0,1.0570387408575195
silver sulfadiazine,966956.0,405.0,1.046700953660869
morphine,1110410.0,404.0,1.0441165068617062
mineral oil re enem,908523.0,397.0,1.0260253792675678
hydrocortisone,975125.0,395.0,1.0208564856692426
terazosin hcl,1341238.0,393.0,1.0156875920709172
vancomycin hcl in nacl,1707687.0,390.0,1.0079342516734293
flumazenil,19055153.0,388.0,1.002765358075104
warfarin sodium,1310149.0,379.0,0.9795053368826403
phenylephrine,1135766.0,378.0,0.9769208900834776
clonazepam,798874.0,376.0,0.9717519964851524
diclofenac sodium,1124300.0,370.0,0.9562453156901765
ertapenem ivpb,1717963.0,369.0,0.953660868891014
doxazosin mesylate,1363053.0,369.0,0.953660868891014
ampicillin ivpb,1717327.0,368.0,0.9510764220918513
diltiazem hcl,1328165.0,367.0,0.9484919752926886
bupropion xl,750982.0,367.0,0.9484919752926886
heparin sodium lock flush,35884360.0,366.0,0.945907528493526
pancrelipase,990340.0,364.0,0.9407386348952006
iv bolus,,360.0,0.93040084769855
methylprednisolone acetate,1506270.0,354.0,0.9148941669035743
dobutamine in d,1337720.0,351.0,0.9071408265060863
papaverine hcl,1326901.0,350.0,0.9045563797069236
furosemide in d,956874.0,349.0,0.9019719329077611
isosorbide mononitrate cr,1383815.0,348.0,0.8993874861085984
metolazone,907013.0,347.0,0.8968030393094357
doxycycline hyclate,1738521.0,345.0,0.8916341457111105
rivaroxaban,40241331.0,342.0,0.8838808053136227
carboxymethylcellulose sod pf,949279.0,336.0,0.8683741245186468
levofloxacin,1742253.0,336.0,0.8683741245186468
albumin human,,335.0,0.8657896777194841
acetazolamide sodium,929435.0,335.0,0.8657896777194841
regadenoson,19090761.0,331.0,0.8554518905228335
meropenem iv,1709170.0,331.0,0.8554518905228335
benzonatate,1136601.0,326.0,0.8425296565270204
digoxin,1326303.0,325.0,0.8399452097278578
nitrofurantoin monohyd macro,920293.0,318.0,0.8218540821337192
thiamine hcl,19137312.0,317.0,0.8192696353345565
nicardipine hcl in nacl,1318137.0,311.0,0.8037629545395808
citalopram hydrobromide,797617.0,310.0,0.8011785077404182
calcium chloride ivpb,19036781.0,306.0,0.7908407205437676
op soln,,301.0,0.7779184865479544
amitriptyline hcl,710062.0,293.0,0.7572429121546532
ketamine infusion,785649.0,292.0,0.7546584653554906
olanzapine,785788.0,290.0,0.7494895717571654
micafungin ivpb,19018013.0,289.0,0.7469051249580028
silver nitrate,966913.0,282.0,0.7288139973638643
acyclovir,1703687.0,278.0,0.7184762101672136
brimonidine tartrate,915542.0,277.0,0.715891763368051
collagenase,980311.0,276.0,0.7133073165688885
ticagrelor,40241186.0,276.0,0.7133073165688885
dextrose in lactated ringers,,275.0,0.7107228697697258
papaverine dilution,1326901.0,275.0,0.7107228697697258
gm in ns or d,,268.0,0.6926317421755873
topiramate,742267.0,268.0,0.6926317421755873
lactated ringers iv bolus,,268.0,0.6926317421755873
timolol,902427.0,268.0,0.6926317421755873
levonorgestrel,1589505.0,260.0,0.6719561677822862
tetrofosmin iv kit,42900108.0,258.0,0.6667872741839609
ezetimibe,1526475.0,255.0,0.659033933786473
cefepime iv,1748975.0,251.0,0.6486961465898224
carbidopa,740560.0,250.0,0.6461116997906597
benzocaine,917006.0,249.0,0.6435272529914972
diltiazem hcl coated beads,1328165.0,249.0,0.6435272529914972
buspirone hcl,733301.0,248.0,0.6409428061923345
gadobenate dimeglumine,19007652.0,247.0,0.6383583593931719
levalbuterol hcl,1192218.0,244.0,0.630605018995684
valganciclovir hcl,1703063.0,243.0,0.6280205721965213
lamotrigine,705103.0,237.0,0.6125138914015454
tetrahydrozoline hcl,941577.0,235.0,0.6073449978032202
sodium hyaluronate,19136048.0,235.0,0.6073449978032202
donepezil hcl,715997.0,234.0,0.6047605510040576
citric acid,950435.0,231.0,0.5970072106065697
caffeine,1134439.0,228.0,0.5892538702090818
mg or tb,,225.0,0.5815005298115938
mg iv solr,,224.0,0.5789160830124312
potassium chloride in nacl,19049105.0,224.0,0.5789160830124312
nafcillin ivpb,1713930.0,224.0,0.5789160830124312
dorzolamide,981709.0,223.0,0.5763316362132685
rifampin,1763204.0,223.0,0.5763316362132685
polyethylene glycol,,220.0,0.5685782958157806
heparin per pharmacy,1367571.0,217.0,0.5608249554182927
olanzapine odt,785788.0,216.0,0.5582405086191301
nacl,,216.0,0.5582405086191301
octreotide in ns infusion,1522957.0,214.0,0.5530716150208048
methylnaltrexone bromide,909841.0,213.0,0.5504871682216422
surgilube ex gel,,211.0,0.545318274623317
injection,,207.0,0.5349804874266663
nortriptyline hcl,721724.0,204.0,0.5272271470291784
amantadine hcl,19087090.0,203.0,0.5246427002300158
octreotide acetate,1522957.0,196.0,0.5065515726358774
fludrocortisone acetate,1555120.0,195.0,0.5039671258367147
ofloxacin,923081.0,194.0,0.501382679037552
tobramycin ivpb,902722.0,193.0,0.4987982322383894
levodopa,789578.0,193.0,0.4987982322383894
prothrombin complex conc human ivpb,44507865.0,190.0,0.49104489184090144
gentamicin sulfate,45892419.0,190.0,0.49104489184090144
dexamethasone ivpb,1518254.0,187.0,0.4832915514434135
td pt,,187.0,0.4832915514434135
epinephrine in bss plus ophthamic solution,1343916.0,186.0,0.4807071046442509
cinacalcet hcl,1548111.0,184.0,0.47553821104592564
hydroxychloroquine sulfate,1777087.0,183.0,0.472953764246763
mt soln,,182.0,0.4703693174476003
ml ns infusion,,181.0,0.4677848706484377
alvimopan,19059654.0,180.0,0.465200423849275
chlorthalidone,1395058.0,180.0,0.465200423849275
cefazolin,1771162.0,176.0,0.4548626366526245
paroxetine hcl,722031.0,175.0,0.4522781898534618
ml ns solution,,173.0,0.4471092962551366
aripiprazole,757688.0,171.0,0.44194040265681134
desmopressin acetate,1517070.0,170.0,0.43935595585764864
memantine hcl,701322.0,170.0,0.43935595585764864
valacyclovir hcl,1717704.0,169.0,0.43677150905848605
acetazolamide,929435.0,167.0,0.4316026154601607
budesonide,939259.0,167.0,0.4316026154601607
racepinephrine hcl,1300153.0,167.0,0.4316026154601607
units,,166.0,0.4290181686609981
model ims template,,166.0,0.4290181686609981
lacosamide,19087394.0,165.0,0.4264337218618354
verapamil hcl,1307863.0,165.0,0.4264337218618354
sacubitril,46275719.0,165.0,0.4264337218618354
dexmedetomidine hcl in nacl,19061088.0,163.0,0.4212648282635102
sumatriptan succinate,1140643.0,163.0,0.4212648282635102
ml ns irrigation,,163.0,0.4212648282635102
and lidocaine,,162.0,0.41868038146434755
chlordiazepoxide hcl,990678.0,162.0,0.41868038146434755
carbamazepine,740275.0,161.0,0.4160959346651849
colchicine,1101554.0,160.0,0.4135114878660223
cyclosporine,19010482.0,160.0,0.4135114878660223
filgrastim,1304850.0,160.0,0.4135114878660223
hypromellose,902251.0,159.0,0.4109270410668596
thiamine ivpb,19137312.0,159.0,0.4109270410668596
cosyntropin,19008009.0,159.0,0.4109270410668596
tiotropium bromide monohydrate,1106776.0,156.0,0.40317370066937175
ex ptch,,156.0,0.40317370066937175
meclizine hcl,994341.0,156.0,0.40317370066937175
chlorothiazide sodium,992590.0,156.0,0.40317370066937175
dicyclomine hcl,924724.0,154.0,0.3980048070710464
morphine sulfate er,1110410.0,154.0,0.3980048070710464
ketamine,785649.0,154.0,0.3980048070710464
estrogens,19049228.0,153.0,0.3954203602718838
risperidone,735979.0,153.0,0.3954203602718838
daptomycin ivpb,1786617.0,153.0,0.3954203602718838
sulfur colloid co kit,1036525.0,152.0,0.3928359134727211
doxycycline ivpb,1738521.0,151.0,0.39025146667355853
oxytocin infusion,1326115.0,149.0,0.38508257307523325
glipizide,1560171.0,148.0,0.3824981262760706
clindamycin ivpb,997881.0,147.0,0.37991367947690796
esmolol,19063575.0,147.0,0.37991367947690796
mg po caps,,143.0,0.36957589228025745
bupivacaine dilution,732893.0,141.0,0.36440699868193216
temazepam,836715.0,140.0,0.36182255188276946
surgiflo hemostatic matrix kit,,140.0,0.36182255188276946
ij susp,,139.0,0.3592381050836068
levothyroxine iv syringe,1501700.0,138.0,0.35665365828444423
prilocaine,951279.0,137.0,0.3540692114852816
sulfur colloid ij kit,1036525.0,137.0,0.3540692114852816
sufentanil infusion,19078219.0,135.0,0.3489003178869563
adenosine,1309204.0,135.0,0.3489003178869563
naproxen,1115008.0,135.0,0.3489003178869563
mafenide,992716.0,134.0,0.34631587108779366
mycophenolate mofetil,19003999.0,133.0,0.343731424288631
amphotericin b,1717240.0,131.0,0.33856253069030573
ml iv susp,,131.0,0.33856253069030573
neomycin sulfate,915981.0,131.0,0.33856253069030573
ml bupivacaine,,130.0,0.3359780838911431
timolol maleate,902427.0,130.0,0.3359780838911431
bupropion sr,750982.0,129.0,0.33339363709198044
atropine,914335.0,129.0,0.33339363709198044
dronabinol,1037005.0,129.0,0.33339363709198044
milrinone,1368671.0,127.0,0.3282247434936552
fish oil,36444867.0,127.0,0.3282247434936552
minoxidil,1309068.0,127.0,0.3282247434936552
oxcarbazepine,718122.0,126.0,0.32564029669449257
in soln,,125.0,0.32305584989532987
gm in ns,,123.0,0.31788695629700464
cisatracurium,19015726.0,123.0,0.31788695629700464
gemfibrozil,1558242.0,123.0,0.31788695629700464
isosorbide dinitrate,1383925.0,121.0,0.31271806269867936
acetic acid,929549.0,121.0,0.31271806269867936
estradiol,1548195.0,121.0,0.31271806269867936
dopamine,1337860.0,121.0,0.31271806269867936
act in aers,,120.0,0.3101336158995167
mepivacaine hcl,702774.0,120.0,0.3101336158995167
empagliflozin,45774751.0,119.0,0.30754916910035407
modafinil,710650.0,119.0,0.30754916910035407
gemcitabine intravesical instillation,1314924.0,119.0,0.30754916910035407
norepinephrine bitartrate,1321341.0,118.0,0.3049647223011914
bethanechol chloride,937439.0,118.0,0.3049647223011914
bolus iv fluid,,117.0,0.3023802755020288
triamterene,904542.0,116.0,0.29979582870286614
zinc acetate,979096.0,115.0,0.2972113819037035
pyridoxine,19005046.0,114.0,0.2946269351045409
sitagliptin phosphate,1580747.0,114.0,0.2946269351045409
cefazolin iv,1771162.0,114.0,0.2946269351045409
mafenide acetate,992716.0,113.0,0.29204248830537827
diphenoxylate,930916.0,111.0,0.2868735947070529
carboprost tromethamine,19049150.0,111.0,0.2868735947070529
prochlorperazine maleate,752061.0,110.0,0.2842891479078903
diphenhydramine,1129625.0,110.0,0.2842891479078903
rifaximin,1735947.0,110.0,0.2842891479078903
ml d,,109.0,0.2817047011087277
ceftazidime iv push,1776684.0,109.0,0.2817047011087277
succinylcholine,836208.0,107.0,0.2765358075104024
cefuroxime iv push,1778162.0,107.0,0.2765358075104024
ketamine in ns infusion,785649.0,106.0,0.27395136071123977
megestrol acetate,1300978.0,105.0,0.2713669139120771
codeine,1201620.0,105.0,0.2713669139120771
ij sosy,,104.0,0.2687824671129145
ipratropium bromide,1112921.0,104.0,0.2687824671129145
etonogestrel,1519936.0,104.0,0.2687824671129145
insulin detemir,1516976.0,104.0,0.2687824671129145
oxycodone hcl er,1124957.0,103.0,0.26619802031375184
mebrofenin iv kit,42900491.0,103.0,0.26619802031375184
flecainide acetate,1354860.0,103.0,0.26619802031375184
unit ex solr,,103.0,0.26619802031375184
tobramycin,902722.0,102.0,0.2636135735145892
tropicamide,906072.0,101.0,0.26102912671542655
aminolevulinic acid hcl,904351.0,100.0,0.2584446799162639
calcium gluconate crrt infusion,19037038.0,98.0,0.2532757863179387
ml premix infusion,,98.0,0.2532757863179387
chlorpromazine hcl,794852.0,98.0,0.2532757863179387
levetiracetam in nacl,711584.0,98.0,0.2532757863179387
tuberculin ppd,19010871.0,97.0,0.250691339518776
mg or tabs or caps,,97.0,0.250691339518776
sterile water for irrigation ir soln,,97.0,0.250691339518776
insulin isophane human,46221581.0,96.0,0.24810689271961336
mirabegron er,42873636.0,96.0,0.24810689271961336
clobetasol propionate,998415.0,95.0,0.24552244592045072
acyclovir ivpb,1703687.0,94.0,0.2429379991212881
polymyxin b gu,948582.0,93.0,0.24035355232212546
dorzolamide hcl,981709.0,92.0,0.23776910552296282
tetanus,,92.0,0.23776910552296282
bismuth subsalicylate,937791.0,91.0,0.23518465872380015
pramipexole dihydrochloride,720810.0,91.0,0.23518465872380015
clindamycin hcl,997881.0,91.0,0.23518465872380015
ropinirole hcl,713823.0,88.0,0.22743131832631225
bupropion hcl,750982.0,87.0,0.2248468715271496
hydrocortisone ivpb,975125.0,86.0,0.22226242472798696
darbepoetin alfa,1304643.0,86.0,0.22226242472798696
sotalol hcl,1370109.0,85.0,0.21967797792882432
lacosamide ivpb,19087394.0,85.0,0.21967797792882432
meropenem ivpb,1709170.0,83.0,0.21450908433049906
medroxyprogesterone acetate,1500211.0,82.0,0.21192463753133642
nimodipine,1319133.0,82.0,0.21192463753133642
erythromycin ethylsuccinate,1746940.0,81.0,0.20934019073217378
dopamine in d,1337860.0,81.0,0.20934019073217378
anastrozole,1348265.0,81.0,0.20934019073217378
buprenorphine hcl,1133201.0,80.0,0.20675574393301116
atovaquone,1781733.0,80.0,0.20675574393301116
iv emul optime,,78.0,0.20158685033468587
ranolazine,1337107.0,77.0,0.1990024035355232
tranexamic acid in nacl,1303425.0,77.0,0.1990024035355232
indium in,43012200.0,77.0,0.1990024035355232
ml injection,,77.0,0.1990024035355232
iodine strong,1780601.0,77.0,0.1990024035355232
methimazole,1504620.0,76.0,0.19641795673636056
meperidine,1102527.0,76.0,0.19641795673636056
ex liqd,,76.0,0.19641795673636056
prazosin hcl,1350489.0,76.0,0.19641795673636056
linezolid,1736887.0,74.0,0.1912490631380353
ml premix pca infusion,,74.0,0.1912490631380353
diltiazem,1328165.0,74.0,0.1912490631380353
dutasteride,989482.0,74.0,0.1912490631380353
fentanyl dose from bag,1154029.0,73.0,0.18866461633887266
unit or tabs,,73.0,0.18866461633887266
mg or tbdp,,72.0,0.18608016953971002
cefoxitin iv,1775741.0,71.0,0.1834957227405474
hydroxocobalamin ivpb,1377023.0,71.0,0.1834957227405474
rocuronium,19003953.0,71.0,0.1834957227405474
febuxostat,19017742.0,70.0,0.18091127594138473
lithium carbonate,751246.0,69.0,0.17832682914222212
liothyronine sodium,1505346.0,69.0,0.17832682914222212
sorbitol free,970011.0,69.0,0.17832682914222212
midazolam pf,708298.0,69.0,0.17832682914222212
clindamycin phosphate,997881.0,69.0,0.17832682914222212
papaverine dilution in ns,1326901.0,68.0,0.17574238234305947
ml bolus from bag,,68.0,0.17574238234305947
fenofibrate,1551803.0,68.0,0.17574238234305947
tab,,67.0,0.17315793554389683
gm iv solr,,67.0,0.17315793554389683
renal dosing protocol for anti,,65.0,0.16798904194557154
mesalamine,968426.0,65.0,0.16798904194557154
glycerin,961145.0,65.0,0.16798904194557154
aztreonam iv push,1715117.0,65.0,0.16798904194557154
doxorubicin,1338512.0,65.0,0.16798904194557154
mineral oil or oil,908523.0,65.0,0.16798904194557154
antithymocyte globulin,,65.0,0.16798904194557154
hyoscyamine sulfate,923672.0,65.0,0.16798904194557154
soln,,64.0,0.16540459514640893
argatroban,1322207.0,64.0,0.16540459514640893
ethiodized oil ij oil,19050016.0,64.0,0.16540459514640893
amphotericin b liposome ivpb,1717240.0,64.0,0.16540459514640893
naloxone,1114220.0,63.0,0.16282014834724629
ceftazidime ophthalmic inj,1776684.0,63.0,0.16282014834724629
influenza vac split quad,,63.0,0.16282014834724629
mg mt lozg,,63.0,0.16282014834724629
rituximab chemo infusion,1314273.0,63.0,0.16282014834724629
linaclotide,42900505.0,63.0,0.16282014834724629
lisinopril,1308216.0,63.0,0.16282014834724629
vasopressin infusion,,62.0,0.16023570154808361
pneumococcal vac polyvalent,,62.0,0.16023570154808361
epinephrine irrigation for arthroscopy,1343916.0,61.0,0.157651254748921
remdesivir ivpb,37499271.0,61.0,0.157651254748921
mci,36856087.0,60.0,0.15506680794975836
medronate iv kit,43014123.0,60.0,0.15506680794975836
fosaprepitant ivpb,35605594.0,60.0,0.15506680794975836
ergocalciferol,19045045.0,60.0,0.15506680794975836
pilocarpine hcl,945286.0,59.0,0.1524823611505957
clonidine,1398937.0,59.0,0.1524823611505957
ml ns addease ivpb,,59.0,0.1524823611505957
verapamil hcl cr,1307863.0,58.0,0.14989791435143307
insulin regular iv bolus from bag,,58.0,0.14989791435143307
clobazam,19050832.0,58.0,0.14989791435143307
potassium phosphate,19027362.0,58.0,0.14989791435143307
mg ivpb,,57.0,0.14731346755227046
capsaicin,939881.0,57.0,0.14731346755227046
insulin aspart,35198096.0,57.0,0.14731346755227046
oxyquinoline,906874.0,56.0,0.1447290207531078
imipenem,1778262.0,55.0,0.14214457395394514
cilastatin ivpb,1797258.0,55.0,0.14214457395394514
methylprednisolone,1506270.0,55.0,0.14214457395394514
proparacaine hcl,929504.0,55.0,0.14214457395394514
insulin regular infusion,,54.0,0.13956012715478253
isoniazid,1782521.0,54.0,0.13956012715478253
voriconazole ivpb,1714277.0,54.0,0.13956012715478253
voriconazole,1714277.0,54.0,0.13956012715478253
niacin,1517824.0,54.0,0.13956012715478253
mg or cpep,,53.0,0.13697568035561988
epinephrine infusion,1343916.0,53.0,0.13697568035561988
calcitonin,42900359.0,53.0,0.13697568035561988
phenytoin sodium extended,740910.0,53.0,0.13697568035561988
metoclopramide ivpb,906780.0,53.0,0.13697568035561988
midazolam dose from bag,708298.0,52.0,0.13439123355645724
cisatracurium infusion,19015726.0,52.0,0.13439123355645724
alum,,51.0,0.1318067867572946
labetalol,1386957.0,51.0,0.1318067867572946
valproate sodium,745466.0,51.0,0.1318067867572946
dolutegravir sodium,43560385.0,51.0,0.1318067867572946
ml in swfi,,51.0,0.1318067867572946
zonisamide,744798.0,51.0,0.1318067867572946
hydralazine,1373928.0,50.0,0.12922233995813195
dextroamphetamine,719311.0,49.0,0.12663789315896934
bictegravir,964008.0,48.0,0.12405344635980668
amphetamine,714785.0,48.0,0.12405344635980668
ex soln,,48.0,0.12405344635980668
trimethobenzamide hcl,942799.0,48.0,0.12405344635980668
emtricitabine,1703069.0,48.0,0.12405344635980668
haloperidol,766529.0,47.0,0.12146899956064405
ampicillin sodium,1717327.0,47.0,0.12146899956064405
witch hazel,959196.0,47.0,0.12146899956064405
glycerin ex pads,961145.0,47.0,0.12146899956064405
tolterodine tartrate,913782.0,47.0,0.12146899956064405
or liqd,,47.0,0.12146899956064405
tenofovir disoproxil fumarate,1710281.0,47.0,0.12146899956064405
dose in misc,,46.0,0.11888455276148141
trypan blue,19006155.0,46.0,0.11888455276148141
primidone,751347.0,46.0,0.11888455276148141
ex oint,,46.0,0.11888455276148141
sulfasalazine,964339.0,46.0,0.11888455276148141
cilostazol,1350310.0,46.0,0.11888455276148141
help,,45.0,0.11630010596231875
na soln,,45.0,0.11630010596231875
dornase alfa,1125443.0,45.0,0.11630010596231875
vecuronium,19012598.0,45.0,0.11630010596231875
meq in,,44.0,0.11371565916315612
hetastarch,19077117.0,44.0,0.11371565916315612
mertiatide iv kit,2100517.0,43.0,0.11113121236399348
metoprolol,1307046.0,43.0,0.11113121236399348
calcium,19018544.0,43.0,0.11113121236399348
dofetilide,1362979.0,43.0,0.11113121236399348
mitomycin intravesical instillation,1389036.0,42.0,0.10854676556483085
meropenem iv push,1709170.0,42.0,0.10854676556483085
levothyroxine infusion,1501700.0,42.0,0.10854676556483085
lurasidone hcl,40230761.0,42.0,0.10854676556483085
cyclophosphamide chemo infusion,1310317.0,42.0,0.10854676556483085
clarithromycin,1750500.0,42.0,0.10854676556483085
in nebu,,41.0,0.10596231876566821
benztropine mesylate,719174.0,41.0,0.10596231876566821
leucovorin chemo infusion,1388796.0,41.0,0.10596231876566821
insulin regular human,,41.0,0.10596231876566821
tamoxifen citrate,1436678.0,41.0,0.10596231876566821
pantoprazole,948078.0,40.0,0.10337787196650558
azelastine hcl,934075.0,40.0,0.10337787196650558
ij soln optime,,40.0,0.10337787196650558
alteplase intrapleural,1347450.0,40.0,0.10337787196650558
ceftriaxone sodium,1777806.0,39.0,0.10079342516734294
carboplatin chemo infusion,1344905.0,39.0,0.10079342516734294
vancomycin ophthalmic inj,1707687.0,39.0,0.10079342516734294
hydrocortisone acetate,975125.0,39.0,0.10079342516734294
pentetate iv kit,19123729.0,39.0,0.10079342516734294
entecavir,1711246.0,39.0,0.10079342516734294
nitroprusside,19020994.0,39.0,0.10079342516734294
mg mt troc,,39.0,0.10079342516734294
iron sucrose,1395773.0,39.0,0.10079342516734294
isavuconazonium sulfate,46221284.0,38.0,0.09820897836818028
oxandrolone,1524769.0,38.0,0.09820897836818028
polymyxin gu irrigant,,38.0,0.09820897836818028
propranolol hcl cr,1353766.0,38.0,0.09820897836818028
desvenlafaxine succinate,717607.0,38.0,0.09820897836818028
remifentanil iv bolus from bag,19016749.0,38.0,0.09820897836818028
vancomycin hcl in dextrose,1707687.0,38.0,0.09820897836818028
remifentanil hcl,19016749.0,37.0,0.09562453156901765
valproate ivpb,745466.0,37.0,0.09562453156901765
penicillin g potassium ivpb,1728416.0,37.0,0.09562453156901765
ketoconazole,985708.0,37.0,0.09562453156901765
gadoxetate disodium,19031583.0,37.0,0.09562453156901765
levodopa cr,789578.0,37.0,0.09562453156901765
azathioprine,19014878.0,37.0,0.09562453156901765
cefdinir,1796458.0,37.0,0.09562453156901765
solifenacin succinate,916005.0,36.0,0.09304008476985501
plastic surgery tumescent solution,,36.0,0.09304008476985501
basiliximab infusion,19038440.0,36.0,0.09304008476985501
dexamethasone sod phosphate pf,1518254.0,36.0,0.09304008476985501
angiotensin ii infusion,963889.0,36.0,0.09304008476985501
gentamicin irrigation,45892419.0,36.0,0.09304008476985501
mometasone furoate,905233.0,36.0,0.09304008476985501
clindamycin ivpb in ns,997881.0,36.0,0.09304008476985501
milrinone lactate in dextrose,1368671.0,35.0,0.09045563797069237
mg vial to bag,,35.0,0.09045563797069237
talc,1036667.0,35.0,0.09045563797069237
sulfur hexafluoride microsph,45892833.0,35.0,0.09045563797069237
bromocriptine mesylate,730548.0,35.0,0.09045563797069237
gentamicin intrathecal injection,45892419.0,35.0,0.09045563797069237
varenicline tartrate,780442.0,34.0,0.08787119117152974
methotrexate sodium,1305058.0,34.0,0.08787119117152974
calamine ex lotn,902616.0,34.0,0.08787119117152974
ml ns,,34.0,0.08787119117152974
ml pain management cont pnb,,34.0,0.08787119117152974
insulin isophane,46221581.0,34.0,0.08787119117152974
ertapenem sodium,1717963.0,34.0,0.08787119117152974
ceftazidime,1776684.0,33.0,0.0852867443723671
diphenhydramine ivpb,1129625.0,33.0,0.0852867443723671
mg or cp,,33.0,0.0852867443723671
pioglitazone hcl,1525215.0,33.0,0.0852867443723671
ml co soln,,33.0,0.0852867443723671
polymyxin b sulfate,948582.0,33.0,0.0852867443723671
sildenafil citrate,1316262.0,33.0,0.0852867443723671
entacapone,782211.0,33.0,0.0852867443723671
phenytoin sodium,740910.0,33.0,0.0852867443723671
cefoxitin sodium,1775741.0,32.0,0.08270229757320446
leflunomide,1101898.0,32.0,0.08270229757320446
mitomycin in sodium chloride chemo injection,1389036.0,31.0,0.08011785077404181
captopril,1340128.0,31.0,0.08011785077404181
brivaracetam,35604901.0,31.0,0.08011785077404181
miconazole nitrate,907879.0,31.0,0.08011785077404181
fosphenytoin ivpb,713192.0,31.0,0.08011785077404181
oseltamivir phosphate,1799139.0,30.0,0.07753340397487918
ethambutol hcl,1749301.0,30.0,0.07753340397487918
protamine sulfate,,30.0,0.07753340397487918
lubiprostone,987366.0,30.0,0.07753340397487918
risperidone odt,735979.0,30.0,0.07753340397487918
pseudoephedrine hcl,1154332.0,30.0,0.07753340397487918
acetylcholine chloride,19037624.0,30.0,0.07753340397487918
dabigatran etexilate mesylate,40228152.0,29.0,0.07494895717571654
lamivudine,1704183.0,29.0,0.07494895717571654
ondansetron ivpb,1000560.0,29.0,0.07494895717571654
vortioxetine hbr,44507700.0,29.0,0.07494895717571654
carbamide peroxide,958999.0,29.0,0.07494895717571654
fluconazole ivpb,1754994.0,29.0,0.07494895717571654
ij soln wrapped record,,29.0,0.07494895717571654
in nacl,,29.0,0.07494895717571654
methylphenidate hcl,705944.0,29.0,0.07494895717571654
zoledronic acid,1524674.0,29.0,0.07494895717571654
or susp,,28.0,0.0723645103765539
paclitaxel chemo infusion,1378382.0,28.0,0.0723645103765539
tenofovir af,19011093.0,28.0,0.0723645103765539
ziprasidone hcl,712615.0,28.0,0.0723645103765539
nicotine polacrilex,718583.0,28.0,0.0723645103765539
estrogens conjugated,19049228.0,28.0,0.0723645103765539
acd,,28.0,0.0723645103765539
letrozole,1315946.0,28.0,0.0723645103765539
propafenone hcl,1353256.0,28.0,0.0723645103765539
posaconazole,1704139.0,28.0,0.0723645103765539
perfusion only,,28.0,0.0723645103765539
mg,,27.0,0.06978006357739126
aminocaproic acid iv infusion,,27.0,0.06978006357739126
aminocaproic acid,,27.0,0.06978006357739126
betamethasone acet,920458.0,27.0,0.06978006357739126
clevidipine,19089969.0,27.0,0.06978006357739126
mitomycin,1389036.0,26.0,0.06719561677822862
fondaparinux sodium,1315865.0,26.0,0.06719561677822862
technet tc,,26.0,0.06719561677822862
ganciclovir ivpb,1757803.0,26.0,0.06719561677822862
palonosetron hcl,911354.0,26.0,0.06719561677822862
phenytoin ivpb,740910.0,26.0,0.06719561677822862
op susp,,26.0,0.06719561677822862
mcg or caps,,25.0,0.06461116997906598
avibactam ivpb,46221507.0,25.0,0.06461116997906598
bss io soln,,25.0,0.06461116997906598
urea,906914.0,25.0,0.06461116997906598
warfarin per pharmacy,1310149.0,25.0,0.06461116997906598
methotrexate,1305058.0,25.0,0.06461116997906598
pamidronate ivpb,1511646.0,24.0,0.06202672317990334
fluocinonide,955252.0,24.0,0.06202672317990334
calcium chloride crrt infusion,19036781.0,24.0,0.06202672317990334
cefepime hcl,1748975.0,24.0,0.06202672317990334
rasburicase ivpb,1304565.0,24.0,0.06202672317990334
gm or tabs,,24.0,0.06202672317990334
fexofenadine hcl,1153428.0,24.0,0.06202672317990334
ml nacl,,24.0,0.06202672317990334
hexaminolevulinate hcl,,24.0,0.06202672317990334
sodium hyaluronate intraocular injection,19136048.0,24.0,0.06202672317990334
pyridostigmine bromide,759740.0,24.0,0.06202672317990334
polymyxin b,948582.0,23.0,0.059442276380740705
infusion,,23.0,0.059442276380740705
bicisate iv kit,42873745.0,23.0,0.059442276380740705
ferrous gluconate,1396012.0,23.0,0.059442276380740705
pyrazinamide,1759455.0,23.0,0.059442276380740705
dronedarone hcl,40163615.0,23.0,0.059442276380740705
etoposide chemo infusion,1350504.0,23.0,0.059442276380740705
uci,,23.0,0.059442276380740705
gallium citrate ga,42899259.0,23.0,0.059442276380740705
nephro,,22.0,0.05685782958157806
abacavir sulfate,1736971.0,22.0,0.05685782958157806
sulbactam sodium,1836241.0,22.0,0.05685782958157806
ceftaroline ivpb,40230597.0,22.0,0.05685782958157806
piperacillin sod,1746114.0,22.0,0.05685782958157806
ethiodized oil,19050016.0,22.0,0.05685782958157806
cholecalciferol,19095164.0,22.0,0.05685782958157806
terbutaline sulfate,1236744.0,22.0,0.05685782958157806
tazobactam so,1741122.0,22.0,0.05685782958157806
ml ij susp,,22.0,0.05685782958157806
erythromycin base,1746940.0,22.0,0.05685782958157806
loteprednol etabonate,967562.0,21.0,0.054273382782415426
ex crea,,21.0,0.054273382782415426
penicillin g pot in dextrose,1728416.0,21.0,0.054273382782415426
tirofiban,19017067.0,21.0,0.054273382782415426
ml sterile water solution,,21.0,0.054273382782415426
rifampin ivpb,1763204.0,21.0,0.054273382782415426
amiodarone iv bolus,1309944.0,21.0,0.054273382782415426
olmesartan,40226742.0,20.0,0.05168893598325279
isavuconazonium ivpb,46221284.0,20.0,0.05168893598325279
tenofovir,19011093.0,20.0,0.05168893598325279
sodium bicarbonate ivpb,939506.0,20.0,0.05168893598325279
spray tl soln,,20.0,0.05168893598325279
phenobarbital,734275.0,20.0,0.05168893598325279
cabergoline,1558471.0,20.0,0.05168893598325279
minocycline hcl,1708880.0,20.0,0.05168893598325279
riluzole,735951.0,19.0,0.04910448918409014
bevacizumab ophthalmic inj,1397141.0,19.0,0.04910448918409014
leucovorin calcium,1388796.0,19.0,0.04910448918409014
levodopa er,789578.0,19.0,0.04910448918409014
pramoxine,927478.0,19.0,0.04910448918409014
infliximab ivpb,937368.0,19.0,0.04910448918409014
ferric subsulfate,,19.0,0.04910448918409014
bicalutamide,1344381.0,19.0,0.04910448918409014
alteplase infusion,1347450.0,19.0,0.04910448918409014
ipratropium bromide hfa,1112921.0,19.0,0.04910448918409014
phenytoin,740910.0,18.0,0.046520042384927504
zoledronic acid ivpb,1524674.0,18.0,0.046520042384927504
fluorouracil chemo intraop ivpb,955632.0,18.0,0.046520042384927504
pentoxifylline cr,1331247.0,18.0,0.046520042384927504
ethinyl estradiol,1549786.0,18.0,0.046520042384927504
mexiletine hcl,1307542.0,18.0,0.046520042384927504
promethazine,1153013.0,18.0,0.046520042384927504
cisplatin chemo infusion,1397599.0,18.0,0.046520042384927504
ketorolac,1136980.0,18.0,0.046520042384927504
sodium bicarbonate infusion,939506.0,18.0,0.046520042384927504
doxepin hcl,738156.0,18.0,0.046520042384927504
cadexomer iodine,1740226.0,18.0,0.046520042384927504
sodium citrate,977968.0,18.0,0.046520042384927504
dextran,1352890.0,18.0,0.046520042384927504
medium chain triglycerides or oil,42899398.0,17.0,0.04393559558576487
pot clavulanate,,17.0,0.04393559558576487
cytarabine chemo infusion,1311078.0,17.0,0.04393559558576487
mg op strp,,17.0,0.04393559558576487
hydrocortisone ace,975125.0,17.0,0.04393559558576487
sirolimus,19034726.0,17.0,0.04393559558576487
ceftolozane,45892599.0,17.0,0.04393559558576487
tilmanocept ij kit,35894859.0,17.0,0.04393559558576487
nicardipine hcl,1318137.0,17.0,0.04393559558576487
raloxifene hcl,1513103.0,17.0,0.04393559558576487
terbinafine hcl,1741309.0,17.0,0.04393559558576487
mg and vancomycin,,17.0,0.04393559558576487
lifitegrast,40220740.0,17.0,0.04393559558576487
methohexital sodium,19005015.0,17.0,0.04393559558576487
penicillin g benzathine,1728416.0,17.0,0.04393559558576487
norethindrone acetate,1521369.0,17.0,0.04393559558576487
ivermectin,1784444.0,17.0,0.04393559558576487
evicel,,17.0,0.04393559558576487
gemcitabine bladder irrigation in ns,1314924.0,17.0,0.04393559558576487
eplerenone,1309799.0,17.0,0.04393559558576487
lisdexamfetamine dimesylate,709567.0,17.0,0.04393559558576487
gm op oint,,16.0,0.04135114878660223
cefazolin in dextrose,1771162.0,16.0,0.04135114878660223
eslicarbazepine acetate,44507780.0,16.0,0.04135114878660223
gentamicin in ns,45892419.0,16.0,0.04135114878660223
darunavir ethanolate,1756831.0,16.0,0.04135114878660223
glucagon hcl rdna,1560278.0,16.0,0.04135114878660223
tenofovir alafenamide fumarate,35605546.0,16.0,0.04135114878660223
g ivpb,,16.0,0.04135114878660223
mg sl subl,,16.0,0.04135114878660223
codeine sulfate,1201620.0,16.0,0.04135114878660223
testosterone,1636780.0,16.0,0.04135114878660223
ij sosy optime,,16.0,0.04135114878660223
hydroxyurea,1377141.0,16.0,0.04135114878660223
vilazodone hcl,40234834.0,16.0,0.04135114878660223
perampanel,42904177.0,16.0,0.04135114878660223
sorbitol,970011.0,15.0,0.03876670198743959
vincristine chemo infusion,1308290.0,15.0,0.03876670198743959
olmesartan medoxomil,40226742.0,15.0,0.03876670198743959
selegiline hcl,766209.0,15.0,0.03876670198743959
propofol iv bolus,753626.0,15.0,0.03876670198743959
ml ns premix ivpb,,15.0,0.03876670198743959
triazolam,704599.0,15.0,0.03876670198743959
netarsudil dimesylate,793351.0,15.0,0.03876670198743959
carvedilol phosphate,1346823.0,15.0,0.03876670198743959
rituximab,1314273.0,15.0,0.03876670198743959
methotrexate intrathecal injection,1305058.0,15.0,0.03876670198743959
voriconazole ophthalmic inj,1714277.0,15.0,0.03876670198743959
rasagiline mesylate,715710.0,15.0,0.03876670198743959
icetaminophen,,15.0,0.03876670198743959
romiplostim,19032407.0,15.0,0.03876670198743959
ceftazidime ivpb,1776684.0,14.0,0.03618225518827695
mg or pack,,14.0,0.03618225518827695
calamine,902616.0,14.0,0.03618225518827695
bacitracin zinc,915175.0,14.0,0.03618225518827695
torsemide,942350.0,14.0,0.03618225518827695
amikacin ivpb,1790868.0,14.0,0.03618225518827695
leuprolide acetate,1351541.0,14.0,0.03618225518827695
nafcillin sodium in dextrose,1713930.0,14.0,0.03618225518827695
ucsd extemporaneous template,,14.0,0.03618225518827695
iu iud,,14.0,0.03618225518827695
phenobarbital sodium,734275.0,14.0,0.03618225518827695
trihexyphenidyl hcl,705178.0,14.0,0.03618225518827695
oxaliplatin chemo infusion,1318011.0,13.0,0.03359780838911431
mg tablet,,13.0,0.03359780838911431
cytarabine intrathecal chemo injection,1311078.0,13.0,0.03359780838911431
formoterol fumarate,1196677.0,13.0,0.03359780838911431
benazepril,1335471.0,13.0,0.03359780838911431
dexamethasone ophthalmic injection,1518254.0,13.0,0.03359780838911431
day iu iud,,13.0,0.03359780838911431
cefiderocol ivpb,37498010.0,13.0,0.03359780838911431
quetiapine fumarate er,766814.0,13.0,0.03359780838911431
isoproterenol infusion,1183554.0,13.0,0.03359780838911431
bimatoprost,904525.0,13.0,0.03359780838911431
amiodarone infusion,1309944.0,13.0,0.03359780838911431
guanfacine hcl,1344965.0,13.0,0.03359780838911431
in ns,,13.0,0.03359780838911431
doxorubicin with etoposide with vincristine chemo infusion,1338512.0,13.0,0.03359780838911431
thyroid,,13.0,0.03359780838911431
osimertinib mesylate,35605522.0,13.0,0.03359780838911431
octreotide loading dose from bag,1522957.0,13.0,0.03359780838911431
niacinamide,19018419.0,13.0,0.03359780838911431
selenium er,966282.0,12.0,0.03101336158995167
sufentanil citrate,19078219.0,12.0,0.03101336158995167
clozapine,800878.0,12.0,0.03101336158995167
ml iv inj,,12.0,0.03101336158995167
metoclopramide,906780.0,12.0,0.03101336158995167
pimavanserin tartrate,42628962.0,12.0,0.03101336158995167
permethrin,922868.0,12.0,0.03101336158995167
furosemide ivpb,956874.0,12.0,0.03101336158995167
testosterone cypionate,1636780.0,12.0,0.03101336158995167
brexpiprazole,46275300.0,12.0,0.03101336158995167
mg or tbcr,,12.0,0.03101336158995167
butalbital,1139699.0,12.0,0.03101336158995167
glyburide,1559684.0,12.0,0.03101336158995167
chlorothiazide,992590.0,12.0,0.03101336158995167
doxorubicin chemo injection,1338512.0,12.0,0.03101336158995167
fluorouracil chemo infusion,955632.0,12.0,0.03101336158995167
ritonavir,1748921.0,12.0,0.03101336158995167
rotigotine,786426.0,12.0,0.03101336158995167
denosumab,40222444.0,12.0,0.03101336158995167
sodium thiosulfate,19136048.0,12.0,0.03101336158995167
brinzolamide,938044.0,12.0,0.03101336158995167
norgestimate,1515774.0,12.0,0.03101336158995167
dapagliflozin propanediol,44785829.0,12.0,0.03101336158995167
salmeterol xinafoate,1137529.0,12.0,0.03101336158995167
ml or soln,,12.0,0.03101336158995167
sargramostim,1308432.0,12.0,0.03101336158995167
chloroprocaine hcl,19049410.0,12.0,0.03101336158995167
penicillin g sodium ivpb,1728416.0,12.0,0.03101336158995167
fluorouracil continuous inpt chemo infusion,955632.0,11.0,0.02842891479078903
flucytosine,1755112.0,11.0,0.02842891479078903
liraglutide,40170911.0,11.0,0.02842891479078903
omega,,11.0,0.02842891479078903
omeprazole,923645.0,11.0,0.02842891479078903
mafenide dressing solution,992716.0,11.0,0.02842891479078903
pentobarbital iv,730729.0,11.0,0.02842891479078903
riboflavin,19062817.0,11.0,0.02842891479078903
felbamate,795661.0,11.0,0.02842891479078903
simvastatin,1539403.0,11.0,0.02842891479078903
exemestane,1398399.0,11.0,0.02842891479078903
tolvaptan,19036797.0,11.0,0.02842891479078903
enzalutamide,42900250.0,11.0,0.02842891479078903
abiraterone acetate,40239056.0,11.0,0.02842891479078903
iron dextran ivpb,1360067.0,10.0,0.025844467991626395
amiodarone hcl in dextrose,1309944.0,10.0,0.025844467991626395
fentanyl infusion,1154029.0,10.0,0.025844467991626395
anti,,10.0,0.025844467991626395
fluorometholone,955583.0,10.0,0.025844467991626395
patiromer sorbitex calcium,35602991.0,10.0,0.025844467991626395
cefuroxime axetil,1778162.0,10.0,0.025844467991626395
rivastigmine tartrate,733523.0,10.0,0.025844467991626395
colestipol hcl,1501617.0,10.0,0.025844467991626395
dantrolene sodium,711714.0,10.0,0.025844467991626395
methotrexate cytarabine hydrocortisone intrathecal chemo injection,1305058.0,10.0,0.025844467991626395
heparin in dextrose,1367571.0,10.0,0.025844467991626395
plerixafor,19017581.0,10.0,0.025844467991626395
act na susp,,10.0,0.025844467991626395
influenza vac split high,,10.0,0.025844467991626395
mesna ivpb,1354698.0,10.0,0.025844467991626395
cyclosporine modified,19010482.0,10.0,0.025844467991626395
levocarnitine,1553610.0,10.0,0.025844467991626395
cobicistat,42874220.0,10.0,0.025844467991626395
vancomycin intrathecal or intraventricular injection,1707687.0,10.0,0.025844467991626395
mg po t,,10.0,0.025844467991626395
eltrombopag olamine,19012346.0,10.0,0.025844467991626395
adenosine infusion,1309204.0,9.0,0.023260021192463752
prenatabs rx,,9.0,0.023260021192463752
telmisartan,1317640.0,9.0,0.023260021192463752
hydroxocobalamin,1377023.0,9.0,0.023260021192463752
ml or susp,,9.0,0.023260021192463752
vilanterol,43532539.0,9.0,0.023260021192463752
calcium chloride infusion,19036781.0,9.0,0.023260021192463752
ml ij soln wrapped record,,9.0,0.023260021192463752
phentermine hcl,735340.0,9.0,0.023260021192463752
cefotaxime iv,1774470.0,9.0,0.023260021192463752
nebivolol hcl,1314577.0,9.0,0.023260021192463752
hctz,,9.0,0.023260021192463752
apremilast,44816294.0,9.0,0.023260021192463752
sodium zirconium cyclosilicate,1510687.0,9.0,0.023260021192463752
prednisolone,1550557.0,9.0,0.023260021192463752
nitrofurantoin,920293.0,9.0,0.023260021192463752
magnesium citrate,967861.0,9.0,0.023260021192463752
methotrexate infusion,1305058.0,9.0,0.023260021192463752
rilpivirine hcl,40238930.0,9.0,0.023260021192463752
pn adult,,9.0,0.023260021192463752
ml and bupivacaine,,9.0,0.023260021192463752
fosfomycin tromethamine,956653.0,9.0,0.023260021192463752
ml adult infusion,,9.0,0.023260021192463752
bisoprolol fumarate,1338005.0,9.0,0.023260021192463752
acetylcholine injection,35156322.0,9.0,0.023260021192463752
ivpb,,9.0,0.023260021192463752
dapsone,1711759.0,9.0,0.023260021192463752
paliperidone,703244.0,9.0,0.023260021192463752
epi,,8.0,0.020675574393301116
op emul,,8.0,0.020675574393301116
folic acid ivpb,19111620.0,8.0,0.020675574393301116
ml ns topical solution,,8.0,0.020675574393301116
tetanus immune globulin,35604680.0,8.0,0.020675574393301116
bupivacaine in dextrose,732893.0,8.0,0.020675574393301116
cisplatin,1397599.0,8.0,0.020675574393301116
alteplase iv loading dose stroke,1347450.0,8.0,0.020675574393301116
bisoprolol,1338005.0,8.0,0.020675574393301116
dopamine in ns infusion,1337860.0,8.0,0.020675574393301116
progesterone micronized,1552310.0,8.0,0.020675574393301116
norethindrone acet,1521369.0,8.0,0.020675574393301116
ceftriaxone,1777806.0,8.0,0.020675574393301116
efavirenz,1738135.0,8.0,0.020675574393301116
ephedrine,1143374.0,8.0,0.020675574393301116
canagliflozin,43526465.0,8.0,0.020675574393301116
rifabutin,1777417.0,8.0,0.020675574393301116
ml pain management cont pnb pca,,8.0,0.020675574393301116
abacavir,1736971.0,8.0,0.020675574393301116
saline nasal spray,,8.0,0.020675574393301116
or syrp,,8.0,0.020675574393301116
additives,,8.0,0.020675574393301116
gadobutrol,19048493.0,8.0,0.020675574393301116
polymyxin,,8.0,0.020675574393301116
atomoxetine hcl,742185.0,8.0,0.020675574393301116
amphotericin b ophthalmic inj,1717240.0,7.0,0.018091127594138477
ml in,,7.0,0.018091127594138477
quinidine,1360421.0,7.0,0.018091127594138477
dextromethorphan,1119510.0,7.0,0.018091127594138477
ml io soln,,7.0,0.018091127594138477
heparin catheter lock solution,1367571.0,7.0,0.018091127594138477
dolutegravir,43560385.0,7.0,0.018091127594138477
mt liqd,,7.0,0.018091127594138477
esomeprazole magnesium,904453.0,7.0,0.018091127594138477
dexmedetomidine loading dose from bag,19061088.0,7.0,0.018091127594138477
acarbose,1529331.0,7.0,0.018091127594138477
tocilizumab ivpb,40171288.0,7.0,0.018091127594138477
ursodiol,,7.0,0.018091127594138477
naloxone kit,1114220.0,7.0,0.018091127594138477
octreotide ivpb,1522957.0,7.0,0.018091127594138477
norethindrone,1521369.0,7.0,0.018091127594138477
meq or pack,,7.0,0.018091127594138477
ramelteon,781182.0,7.0,0.018091127594138477
insulin degludec,35602717.0,7.0,0.018091127594138477
amobarbital sodium,712757.0,7.0,0.018091127594138477
stye,,7.0,0.018091127594138477
pot nitrate,,7.0,0.018091127594138477
amphotericin,952045.0,7.0,0.018091127594138477
mg in swfi,,7.0,0.018091127594138477
granisetron hcl,1000772.0,7.0,0.018091127594138477
phentolamine mesylate,1335539.0,7.0,0.018091127594138477
gemcitabine chemo infusion,1314924.0,7.0,0.018091127594138477
fenofibrate micronized,1551803.0,7.0,0.018091127594138477
ml ns injection,,7.0,0.018091127594138477
tace,,7.0,0.018091127594138477
pyrethrins,959665.0,7.0,0.018091127594138477
piperonyl butoxide,946340.0,7.0,0.018091127594138477
brimonidine,915542.0,7.0,0.018091127594138477
progesterone,1552310.0,7.0,0.018091127594138477
phytonadione ivpb,,7.0,0.018091127594138477
mg sc impl,,7.0,0.018091127594138477
sodium thiosulfate infusion,19136048.0,7.0,0.018091127594138477
ascorbic acid infusion,19011773.0,7.0,0.018091127594138477
hfa,,7.0,0.018091127594138477
imipramine hcl,778268.0,7.0,0.018091127594138477
vancomycin ophthalmic,1707687.0,7.0,0.018091127594138477
po pack,,7.0,0.018091127594138477
pf infusion,,7.0,0.018091127594138477
hr td pt,,7.0,0.018091127594138477
ivabradine hcl,46234437.0,7.0,0.018091127594138477
artificial tears,,6.0,0.015506680794975835
carmustine in polifeprosan,1350066.0,6.0,0.015506680794975835
epoprostenol infusion,1354118.0,6.0,0.015506680794975835
pentosan polysulfate sodium,924151.0,6.0,0.015506680794975835
sterile water for injection ij soln,,6.0,0.015506680794975835
tetracaine topical solution,40087388.0,6.0,0.015506680794975835
glucosamine,1360332.0,6.0,0.015506680794975835
clomiphene citrate,1598819.0,6.0,0.015506680794975835
pegfilgrastim,1325608.0,6.0,0.015506680794975835
in susp,,6.0,0.015506680794975835
daptomycin iv,1786617.0,6.0,0.015506680794975835
benzoyl peroxide,918172.0,6.0,0.015506680794975835
cyclophosphamide,1310317.0,6.0,0.015506680794975835
tofacitinib citrate,42904205.0,6.0,0.015506680794975835
zolmitriptan,1116031.0,6.0,0.015506680794975835
sodium tetradecyl sulfate,19070012.0,6.0,0.015506680794975835
centrum or liqd,,6.0,0.015506680794975835
foscarnet ivpb,1724700.0,6.0,0.015506680794975835
sitagliptin,1580747.0,6.0,0.015506680794975835
nifedipine cr osmotic,1318853.0,6.0,0.015506680794975835
influenza vac high,,6.0,0.015506680794975835
mercaptopurine,1436650.0,6.0,0.015506680794975835
fat emulsion,,6.0,0.015506680794975835
tadalafil,1336926.0,6.0,0.015506680794975835
syringe,,6.0,0.015506680794975835
morphine dose from bag,1110410.0,6.0,0.015506680794975835
bamlanivimab,37003201.0,6.0,0.015506680794975835
cariprazine hcl,35603277.0,6.0,0.015506680794975835
ambrisentan,1337068.0,6.0,0.015506680794975835
polymixin gu irrigant,,6.0,0.015506680794975835
phentermine,735340.0,6.0,0.015506680794975835
levothyroxine loading dose from bag,1501700.0,6.0,0.015506680794975835
potassium iodide,19049909.0,6.0,0.015506680794975835
raltegravir potassium,1712889.0,6.0,0.015506680794975835
ifosfamide,19078187.0,6.0,0.015506680794975835
ml op soln,,6.0,0.015506680794975835
ciclopirox,950098.0,6.0,0.015506680794975835
ml iv soln wrapper,,6.0,0.015506680794975835
td oint,,6.0,0.015506680794975835
prucalopride succinate,44012686.0,6.0,0.015506680794975835
daunorubicin chemo infusion,1311799.0,6.0,0.015506680794975835
emtricitab,,6.0,0.015506680794975835
mg po tbcr,,6.0,0.015506680794975835
fluvoxamine maleate,751412.0,6.0,0.015506680794975835
isosorbide mononitrate,1383815.0,6.0,0.015506680794975835
propylthiouracil,1554072.0,6.0,0.015506680794975835
units po cpep,,6.0,0.015506680794975835
doxycycline ivpb intrapleural,1738521.0,6.0,0.015506680794975835
high dose,,6.0,0.015506680794975835
central line only,,6.0,0.015506680794975835
ex pste,,6.0,0.015506680794975835
pentamidine isethionate ivpb,1730370.0,5.0,0.012922233995813198
hyaluronidase human,19073699.0,5.0,0.012922233995813198
penicillin g potassium,1728416.0,5.0,0.012922233995813198
tego connector,,5.0,0.012922233995813198
ml ivpb,,5.0,0.012922233995813198
umeclidinium,44785907.0,5.0,0.012922233995813198
factor ix complex,35602783.0,5.0,0.012922233995813198
heparin sod,1367571.0,5.0,0.012922233995813198
dulaglutide,45774435.0,5.0,0.012922233995813198
gentamicin pf intrathecal or intraventricular injection,45892419.0,5.0,0.012922233995813198
famotidine in nacl,953076.0,5.0,0.012922233995813198
glucagon ivpb,1560278.0,5.0,0.012922233995813198
pemetrexed chemo infusion,1304919.0,5.0,0.012922233995813198
drospirenone,1512674.0,5.0,0.012922233995813198
aliskiren fumarate,1317967.0,5.0,0.012922233995813198
divalproex dr,,5.0,0.012922233995813198
balsalazide disodium,934262.0,5.0,0.012922233995813198
dicloxacillin sodium,1724666.0,5.0,0.012922233995813198
fluocinolone acetonide,996541.0,5.0,0.012922233995813198
glatiramer acetate,751889.0,5.0,0.012922233995813198
iv infusion mixture,,5.0,0.012922233995813198
colesevelam hcl,1518148.0,5.0,0.012922233995813198
polymyxin b op oint,948582.0,5.0,0.012922233995813198
potassium citrate,976545.0,5.0,0.012922233995813198
difluprednate,19089579.0,5.0,0.012922233995813198
eszopiclone,757352.0,5.0,0.012922233995813198
procedural sedation midazolam,,5.0,0.012922233995813198
olopatadine hcl,915855.0,5.0,0.012922233995813198
mg po tbec,,5.0,0.012922233995813198
asenapine maleate,40164052.0,5.0,0.012922233995813198
argatroban per pharmacy,1322207.0,5.0,0.012922233995813198
potassium acetate,19076414.0,5.0,0.012922233995813198
hepatitis a vaccine,,5.0,0.012922233995813198
phenobarbital ivpb,734275.0,5.0,0.012922233995813198
clomipramine hcl,798834.0,5.0,0.012922233995813198
amyl nitrite,1319051.0,5.0,0.012922233995813198
dextroamphetamine sulfate,719311.0,5.0,0.012922233995813198
prochlorperazine,752061.0,5.0,0.012922233995813198
mcg in caps,,5.0,0.012922233995813198
zidovudine,1710612.0,5.0,0.012922233995813198
ziprasidone mesylate,712615.0,5.0,0.012922233995813198
mg po tb,,5.0,0.012922233995813198
cefotetan disodium,1774932.0,5.0,0.012922233995813198
eravacycline ivpb,35200469.0,5.0,0.012922233995813198
mesna chemo infusion,1354698.0,5.0,0.012922233995813198
meropenem,1709170.0,5.0,0.012922233995813198
artificial tears ophthalmic ointment wrapped record,,5.0,0.012922233995813198
fidaxomicin,40239985.0,5.0,0.012922233995813198
methylphenidate hcl er,705944.0,5.0,0.012922233995813198
dasatinib,1358436.0,5.0,0.012922233995813198
pegaspargase chemo infusion,1326481.0,4.0,0.010337787196650558
lithium,19124477.0,4.0,0.010337787196650558
etodolac,1195492.0,4.0,0.010337787196650558
alendronate sodium,1557272.0,4.0,0.010337787196650558
botulinum toxin type a,,4.0,0.010337787196650558
phenoxybenzamine hcl,1335301.0,4.0,0.010337787196650558
mineral oil,908523.0,4.0,0.010337787196650558
desmopressin acetate spray,1517070.0,4.0,0.010337787196650558
albendazole,1753745.0,4.0,0.010337787196650558
levocarnitine ivpb,1553610.0,4.0,0.010337787196650558
metformin hcl er,1503297.0,4.0,0.010337787196650558
lidocaine in ns,989878.0,4.0,0.010337787196650558
ml im susy,,4.0,0.010337787196650558
cannabidiol,1510417.0,4.0,0.010337787196650558
rho d immune globulin,,4.0,0.010337787196650558
idarucizumab,35602981.0,4.0,0.010337787196650558
pseudoephedrine,1154332.0,4.0,0.010337787196650558
netarsudil,793351.0,4.0,0.010337787196650558
selegiline,766209.0,4.0,0.010337787196650558
everolimus,19011440.0,4.0,0.010337787196650558
ruxolitinib phosphate,40244464.0,4.0,0.010337787196650558
tigecycline ivpb,1742432.0,4.0,0.010337787196650558
macitentan,44507580.0,4.0,0.010337787196650558
bebtelovimab,1759073.0,4.0,0.010337787196650558
selexipag,35604848.0,4.0,0.010337787196650558
premixed infusion,,4.0,0.010337787196650558
travoprost,904501.0,4.0,0.010337787196650558
indomethacin sodium,1178663.0,4.0,0.010337787196650558
trimethoprim ivpb,1705674.0,4.0,0.010337787196650558
bosentan,1321636.0,4.0,0.010337787196650558
foscarnet,1724700.0,4.0,0.010337787196650558
benoxinate,935529.0,4.0,0.010337787196650558
nefazodone hcl,714684.0,4.0,0.010337787196650558
k phos di,,4.0,0.010337787196650558
aztreonam iv,1715117.0,4.0,0.010337787196650558
pitavastatin calcium,40165636.0,4.0,0.010337787196650558
ml ophthalmic soln,,4.0,0.010337787196650558
it soln,,4.0,0.010337787196650558
biotin,19024770.0,4.0,0.010337787196650558
filgrastim ped,1304850.0,4.0,0.010337787196650558
methylprednisolone ivpb for spinal cord injury,1506270.0,4.0,0.010337787196650558
vaborbactam ivpb,792531.0,4.0,0.010337787196650558
cenobamate,37497998.0,4.0,0.010337787196650558
macroaggregated,,4.0,0.010337787196650558
amphotericin b ivpb,1717240.0,4.0,0.010337787196650558
diltiazem hcl cr,1328165.0,4.0,0.010337787196650558
papaverine,1326901.0,4.0,0.010337787196650558
darunavir,1756831.0,4.0,0.010337787196650558
aztreonam ivpb,1715117.0,4.0,0.010337787196650558
powder for oral solution,,4.0,0.010337787196650558
riociguat,44506752.0,4.0,0.010337787196650558
ml im soln,,4.0,0.010337787196650558
apraclonidine hcl,919986.0,4.0,0.010337787196650558
cocaine hcl,1001419.0,4.0,0.010337787196650558
bacitracin zn,915175.0,4.0,0.010337787196650558
cyclosporine sandimmune,19010482.0,4.0,0.010337787196650558
hydroxychloroquine,1777087.0,4.0,0.010337787196650558
sod citrate,,4.0,0.010337787196650558
or susr,,4.0,0.010337787196650558
with sorbitol,,4.0,0.010337787196650558
tirofiban hcl,19017067.0,3.0,0.007753340397487918
potassium chloride er,19049105.0,3.0,0.007753340397487918
inv df,,3.0,0.007753340397487918
ml oral suspension,,3.0,0.007753340397487918
dexlansoprazole,19039926.0,3.0,0.007753340397487918
fluorescein,996625.0,3.0,0.007753340397487918
ot soln,,3.0,0.007753340397487918
sucroferric oxyhydroxide,44785066.0,3.0,0.007753340397487918
secretin acetate,19066188.0,3.0,0.007753340397487918
ceftriaxone in,1777806.0,3.0,0.007753340397487918
methenamine hippurate,904356.0,3.0,0.007753340397487918
sc sosy,,3.0,0.007753340397487918
microplegia,,3.0,0.007753340397487918
na chondroit sulf,,3.0,0.007753340397487918
inv mcla,,3.0,0.007753340397487918
relugolix,739471.0,3.0,0.007753340397487918
linagliptin,40239216.0,3.0,0.007753340397487918
carboprost,19049150.0,3.0,0.007753340397487918
adalimumab,1119119.0,3.0,0.007753340397487918
polymyxin b ivpb,948582.0,3.0,0.007753340397487918
tetrabenazine,836877.0,3.0,0.007753340397487918
ethynodiol diac,1595461.0,3.0,0.007753340397487918
cupric chloride ivpb,19073031.0,3.0,0.007753340397487918
tretinoin,903643.0,3.0,0.007753340397487918
oxaliplatin,1318011.0,3.0,0.007753340397487918
cilgavimab,702423.0,3.0,0.007753340397487918
aprepitant,936748.0,3.0,0.007753340397487918
iron dextran,1360067.0,3.0,0.007753340397487918
roflumilast,40236897.0,3.0,0.007753340397487918
pantoprazole ivpb,948078.0,3.0,0.007753340397487918
charcoal activated or liqd,1789521.0,3.0,0.007753340397487918
darolutamide,1361291.0,3.0,0.007753340397487918
belatacept ivpb,40239665.0,3.0,0.007753340397487918
alcohol,,3.0,0.007753340397487918
paliperidone palmitate er,703244.0,3.0,0.007753340397487918
elagolix sodium,1560104.0,3.0,0.007753340397487918
lenalidomide,19026972.0,3.0,0.007753340397487918
sodium thiosulfate iv bolus,19136048.0,3.0,0.007753340397487918
beclomethasone dipropionate,1115572.0,3.0,0.007753340397487918
irinotecan chemo infusion,1367268.0,3.0,0.007753340397487918
ciprofloxacin,1797513.0,3.0,0.007753340397487918
lorazepam dose from bag,791967.0,3.0,0.007753340397487918
ceftazidime iv,1776684.0,3.0,0.007753340397487918
flecainide,1354860.0,3.0,0.007753340397487918
tixagevimab,702418.0,3.0,0.007753340397487918
nitroglycerin cr,1361711.0,3.0,0.007753340397487918
azilsartan,40235485.0,3.0,0.007753340397487918
theophylline,1237049.0,3.0,0.007753340397487918
sotrovimab ivpb,1536976.0,3.0,0.007753340397487918
zinc sulfate capsule bottle method,19044522.0,3.0,0.007753340397487918
diltiazem hcl er beads,1328165.0,3.0,0.007753340397487918
sodium acetate ivpb,19077884.0,3.0,0.007753340397487918
irbesartan,1347384.0,3.0,0.007753340397487918
bleomycin chemo infusion,1329241.0,3.0,0.007753340397487918
divalproex er,,3.0,0.007753340397487918
sliding scale,,3.0,0.007753340397487918
sofosbuvir,44785094.0,3.0,0.007753340397487918
ustekinumab,40161532.0,3.0,0.007753340397487918
velpatasvir,36249204.0,3.0,0.007753340397487918
sulfacetamide sodium,1036252.0,3.0,0.007753340397487918
midostaurin,1594003.0,3.0,0.007753340397487918
metaxalone,780369.0,3.0,0.007753340397487918
gengraf,,3.0,0.007753340397487918
g injection,,3.0,0.007753340397487918
sodium polystyrene sulfonate powder,19078126.0,3.0,0.007753340397487918
carisoprodol,749910.0,3.0,0.007753340397487918
timolol mal pf,902427.0,3.0,0.007753340397487918
rizatriptan benzoate,1154077.0,3.0,0.007753340397487918
fostamatinib disodium,1510328.0,3.0,0.007753340397487918
bromfenac sodium,1139179.0,3.0,0.007753340397487918
pyridoxine ivpb,19005046.0,3.0,0.007753340397487918
daunorubicin chemo injection,1311799.0,3.0,0.007753340397487918
penicillin v potassium,1729720.0,3.0,0.007753340397487918
deferasirox,1786055.0,3.0,0.007753340397487918
procedural sedation fentanyl citrate,,3.0,0.007753340397487918
cyproheptadine hcl,1110727.0,3.0,0.007753340397487918
fludarabine chemo infusion,1395557.0,3.0,0.007753340397487918
bortezomib,1336825.0,3.0,0.007753340397487918
armodafinil,19090984.0,3.0,0.007753340397487918
nintedanib esylate,45775396.0,3.0,0.007753340397487918
milnacipran hcl,19080226.0,3.0,0.007753340397487918
triamcinolone and lidocaine pf,903963.0,3.0,0.007753340397487918
casirivimab,37003288.0,3.0,0.007753340397487918
indomethacin cr,1178663.0,3.0,0.007753340397487918
cevimeline hcl,954819.0,3.0,0.007753340397487918
bevacizumab chemo infusion,1397141.0,3.0,0.007753340397487918
elviteg,,3.0,0.007753340397487918
apalutamide,963987.0,3.0,0.007753340397487918
natamycin,915392.0,3.0,0.007753340397487918
venetoclax,35604205.0,3.0,0.007753340397487918
insulin aspart prot,35198096.0,3.0,0.007753340397487918
topical jelly,,3.0,0.007753340397487918
azacitidine chemo infusion,1314865.0,3.0,0.007753340397487918
gm in d,,3.0,0.007753340397487918
choline fenofibrate,43560137.0,3.0,0.007753340397487918
azelastine,934075.0,3.0,0.007753340397487918
vasopressin injection solution,,3.0,0.007753340397487918
docetaxel chemo infusion,1315942.0,3.0,0.007753340397487918
demeclocycline hcl,1714527.0,3.0,0.007753340397487918
cromolyn sodium,1152631.0,3.0,0.007753340397487918
triamcinolone,903963.0,3.0,0.007753340397487918
rabeprazole sodium,911735.0,3.0,0.007753340397487918
acamprosate calcium,19043959.0,3.0,0.007753340397487918
suvorexant,45775760.0,3.0,0.007753340397487918
amikacin ophthalmic inj,1790868.0,3.0,0.007753340397487918
glucose,1560524.0,3.0,0.007753340397487918
plecanatide,1592897.0,3.0,0.007753340397487918
naltrexone hcl,1714319.0,3.0,0.007753340397487918
methylprednisolone sodium succinate,1506270.0,3.0,0.007753340397487918
levofloxacin ivpb,1742253.0,2.0,0.005168893598325279
mg disintegrating tablet,,2.0,0.005168893598325279
viaspan soln,,2.0,0.005168893598325279
oxacillin ivpb,1724703.0,2.0,0.005168893598325279
warfarin,1310149.0,2.0,0.005168893598325279
vecuronium infusion,19012598.0,2.0,0.005168893598325279
felodipine,1353776.0,2.0,0.005168893598325279
sodium thiosulfate iv calciphylaxis,19136048.0,2.0,0.005168893598325279
ml po soln,,2.0,0.005168893598325279
methylprednisolone infusion,1506270.0,2.0,0.005168893598325279
antihemophilic factor,,2.0,0.005168893598325279
perphenazine,733008.0,2.0,0.005168893598325279
doxylamine succinate,738818.0,2.0,0.005168893598325279
labetalol infusion,1386957.0,2.0,0.005168893598325279
choline,1195334.0,2.0,0.005168893598325279
dakins,,2.0,0.005168893598325279
pimozide,745790.0,2.0,0.005168893598325279
epbx,,2.0,0.005168893598325279
mucositis mixture formula,,2.0,0.005168893598325279
heparin lock flush,1367571.0,2.0,0.005168893598325279
carboplatin,1344905.0,2.0,0.005168893598325279
dimethyl sulfoxide,928980.0,2.0,0.005168893598325279
methionine,19004724.0,2.0,0.005168893598325279
nitroprusside infusion,19020994.0,2.0,0.005168893598325279
viscous op soln,,2.0,0.005168893598325279
loxapine succinate,792263.0,2.0,0.005168893598325279
umeclidinium bromide,44785907.0,2.0,0.005168893598325279
amiloride hcl,991382.0,2.0,0.005168893598325279
magnesium,19124906.0,2.0,0.005168893598325279
dipyridamole,1331270.0,2.0,0.005168893598325279
tapentadol hcl,19026459.0,2.0,0.005168893598325279
floranex po tabs,,2.0,0.005168893598325279
opicapone,1145467.0,2.0,0.005168893598325279
fluorouracil chemo injection,955632.0,2.0,0.005168893598325279
ferric carboxymaltose ivpb,43560392.0,2.0,0.005168893598325279
sevelamer hcl,952004.0,2.0,0.005168893598325279
sodium fluoride f,19069022.0,2.0,0.005168893598325279
terbutaline,1236744.0,2.0,0.005168893598325279
ml impella purge solution,,2.0,0.005168893598325279
etravirine,1758536.0,2.0,0.005168893598325279
mifepristone,1508439.0,2.0,0.005168893598325279
probenecid,1151422.0,2.0,0.005168893598325279
nitrofurantoin macrocrystal,920293.0,2.0,0.005168893598325279
itraconazole,1703653.0,2.0,0.005168893598325279
balanced salt io soln,,2.0,0.005168893598325279
budesonide powd,939259.0,2.0,0.005168893598325279
letermovir,792929.0,2.0,0.005168893598325279
flunisolide hfa,1196514.0,2.0,0.005168893598325279
imiquimod,981691.0,2.0,0.005168893598325279
dm,,2.0,0.005168893598325279
krill oil,40168296.0,2.0,0.005168893598325279
doxercalciferol,1512446.0,2.0,0.005168893598325279
ml oral soln,,2.0,0.005168893598325279
levobunolol hcl,932815.0,2.0,0.005168893598325279
lopinavir,1738170.0,2.0,0.005168893598325279
mg po cpdr,,2.0,0.005168893598325279
va gel,,2.0,0.005168893598325279
anagrelide hcl,1381253.0,2.0,0.005168893598325279
act in aepb,,2.0,0.005168893598325279
ifosfamide infusion,19078187.0,2.0,0.005168893598325279
im soln,,2.0,0.005168893598325279
ibrutinib,44507848.0,2.0,0.005168893598325279
fluorouracil,955632.0,2.0,0.005168893598325279
units po caps,,2.0,0.005168893598325279
melphalan chemo infusion,1301267.0,2.0,0.005168893598325279
furosemide ped,956874.0,2.0,0.005168893598325279
and sodium bicarb,,2.0,0.005168893598325279
erythromycin neonatal,1746940.0,2.0,0.005168893598325279
doxorubicin liposomal chemo infusion,1338512.0,2.0,0.005168893598325279
ponatinib hcl,43013182.0,2.0,0.005168893598325279
nitroglycerin in d,1361711.0,2.0,0.005168893598325279
g ivpb apheresis mixture,,2.0,0.005168893598325279
pantoprazole iv bolus,948078.0,2.0,0.005168893598325279
minocycline ivpb,1708880.0,2.0,0.005168893598325279
ciprofloxacin ivpb,1797513.0,2.0,0.005168893598325279
cyclosporine ivpb,19010482.0,2.0,0.005168893598325279
eluxadoline,46234135.0,2.0,0.005168893598325279
dupilumab,1593467.0,2.0,0.005168893598325279
lorlatinib,35201733.0,2.0,0.005168893598325279
semaglutide,793143.0,2.0,0.005168893598325279
saccharomyces boulardii,991855.0,2.0,0.005168893598325279
haloperidol decanoate,766529.0,2.0,0.005168893598325279
white petrolatum gel,,2.0,0.005168893598325279
guanfacine hcl er,1344965.0,2.0,0.005168893598325279
g po pack,,2.0,0.005168893598325279
carfilzomib chemo infusion,42873638.0,2.0,0.005168893598325279
b complex,,2.0,0.005168893598325279
or elix,,2.0,0.005168893598325279
azilsartan medoxomil,40235485.0,2.0,0.005168893598325279
cysteine,19010955.0,2.0,0.005168893598325279
tirofiban loading bonus from bag,19017067.0,2.0,0.005168893598325279
concentrated injection,,2.0,0.005168893598325279
imdevimab ivpb,37003293.0,2.0,0.005168893598325279
fluphenazine hcl,756018.0,2.0,0.005168893598325279
abemaciclib,792649.0,2.0,0.005168893598325279
bethanechol,937439.0,2.0,0.005168893598325279
lovastatin,1592085.0,2.0,0.005168893598325279
evolocumab,46287466.0,2.0,0.005168893598325279
conjugated,,2.0,0.005168893598325279
pyrophosphate iv kit,43012944.0,2.0,0.005168893598325279
olaparib,45892579.0,2.0,0.005168893598325279
isosulfan blue,,2.0,0.005168893598325279
degarelix acetate,19058410.0,2.0,0.005168893598325279
po caps,,2.0,0.005168893598325279
obeticholic acid,36250189.0,2.0,0.005168893598325279
desvenlafaxine er,717607.0,2.0,0.005168893598325279
ml ep soln,,2.0,0.005168893598325279
rituximab intrathecal chemo injection,1314273.0,2.0,0.005168893598325279
buprenorphine,1133201.0,2.0,0.005168893598325279
gm ex crea,,2.0,0.005168893598325279
eculizumab ivpb,19080458.0,2.0,0.005168893598325279
clindamycin palmitate hcl,997881.0,2.0,0.005168893598325279
droxidopa,44814542.0,2.0,0.005168893598325279
idarubicin hcl chemo injection,19078097.0,2.0,0.005168893598325279
mometasone furo,905233.0,2.0,0.005168893598325279
posaconazole ivpb in,1704139.0,2.0,0.005168893598325279
hydrocortisone sodium succinate,975125.0,2.0,0.005168893598325279
latanoprostene bunod,792899.0,2.0,0.005168893598325279
d ex oint,,2.0,0.005168893598325279
formoterol fum,1196677.0,2.0,0.005168893598325279
exenatide er,1583722.0,2.0,0.005168893598325279
covid,,2.0,0.005168893598325279
arsenic chemo infusion,19010961.0,2.0,0.005168893598325279
betaxolol hcl,1322081.0,2.0,0.005168893598325279
physostigmine salicylate,19044337.0,2.0,0.005168893598325279
procalamine infusion,,2.0,0.005168893598325279
gallium ga,42899259.0,2.0,0.005168893598325279
sndz,,2.0,0.005168893598325279
ic,,2.0,0.005168893598325279
galantamine hydrobromide,757627.0,2.0,0.005168893598325279
trimix,,2.0,0.005168893598325279
cabozantinib s,43012292.0,2.0,0.005168893598325279
malate,19126516.0,2.0,0.005168893598325279
ranitidine hcl,961047.0,2.0,0.005168893598325279
trifluridine,905078.0,2.0,0.005168893598325279
temozolomide chemo infusion,1341149.0,2.0,0.005168893598325279
selenium sulfide,938061.0,2.0,0.005168893598325279
treprostinil infusion,1327256.0,2.0,0.005168893598325279
inv dzd,,2.0,0.005168893598325279
sodium bicarb,19136048.0,2.0,0.005168893598325279
ferumoxytol ivpb,40163731.0,2.0,0.005168893598325279
primaquine phosphate,1751310.0,2.0,0.005168893598325279
dactinomycin,1311443.0,2.0,0.005168893598325279
bivalirudin,19084670.0,2.0,0.005168893598325279
omnipaque dilution,,2.0,0.005168893598325279
lixisenatide,44506754.0,2.0,0.005168893598325279
bupropion hcl er,750982.0,2.0,0.005168893598325279
dotatate iv kit,36249974.0,2.0,0.005168893598325279
spray na soln,,2.0,0.005168893598325279
tazobactam,1741122.0,2.0,0.005168893598325279
desogestrel,1588000.0,2.0,0.005168893598325279
temozolomide,1341149.0,2.0,0.005168893598325279
ivosidenib,1560123.0,2.0,0.005168893598325279
iv infusion,,2.0,0.005168893598325279
calcipotriene,908921.0,2.0,0.005168893598325279
ferric citrate,45776202.0,2.0,0.005168893598325279
maraviroc,1787101.0,2.0,0.005168893598325279
nevirapine,1769389.0,2.0,0.005168893598325279
mcg po caps,,2.0,0.005168893598325279
cyclopentolate,910232.0,2.0,0.005168893598325279
encorafenib,1559914.0,2.0,0.005168893598325279
levothyroxine neonatal tablet,1501700.0,2.0,0.005168893598325279
alfuzosin hcl,930021.0,2.0,0.005168893598325279
pibrentasvir,793844.0,2.0,0.005168893598325279
glecaprevir,793843.0,2.0,0.005168893598325279
iron,1360067.0,2.0,0.005168893598325279
inv mrtx,,1.0,0.0025844467991626395
alectinib hcl,35604657.0,1.0,0.0025844467991626395
hydromorphone infusion,1126658.0,1.0,0.0025844467991626395
unit ij solr,,1.0,0.0025844467991626395
axitinib,42709322.0,1.0,0.0025844467991626395
inv paclitaxel,,1.0,0.0025844467991626395
binimetinib,1559930.0,1.0,0.0025844467991626395
tazobactam neonatal,1741122.0,1.0,0.0025844467991626395
gm re supp,,1.0,0.0025844467991626395
desvenlafaxine succinate er,717607.0,1.0,0.0025844467991626395
mannose,19124981.0,1.0,0.0025844467991626395
central line,,1.0,0.0025844467991626395
pamidronate disodium,1511646.0,1.0,0.0025844467991626395
pain management epidural,,1.0,0.0025844467991626395
beclomethasone diprop hfa,1115572.0,1.0,0.0025844467991626395
po tabs,,1.0,0.0025844467991626395
deflazacort,19086888.0,1.0,0.0025844467991626395
mesalamine er,968426.0,1.0,0.0025844467991626395
alpelisib,1396423.0,1.0,0.0025844467991626395
imatinib mesylate,1304107.0,1.0,0.0025844467991626395
ospemifene,43525773.0,1.0,0.0025844467991626395
deferiprone,19011091.0,1.0,0.0025844467991626395
inv ux,,1.0,0.0025844467991626395
fat emul fish oil,,1.0,0.0025844467991626395
imdevimab,37003293.0,1.0,0.0025844467991626395
ml bss soaking solution,,1.0,0.0025844467991626395
tofacitinib citrate er,42904205.0,1.0,0.0025844467991626395
mitotane,1309161.0,1.0,0.0025844467991626395
idarubicin hcl chemo infusion,19078097.0,1.0,0.0025844467991626395
inv anx,,1.0,0.0025844467991626395
amantadine hcl er,19087090.0,1.0,0.0025844467991626395
econazole nitrate,940864.0,1.0,0.0025844467991626395
methylergonovine,1305637.0,1.0,0.0025844467991626395
oxymorphone hcl er,1125765.0,1.0,0.0025844467991626395
alteplase ophthalmic inj,1347450.0,1.0,0.0025844467991626395
norethin ace,,1.0,0.0025844467991626395
aztreonam,1715117.0,1.0,0.0025844467991626395
disopyramide phosphate,1335606.0,1.0,0.0025844467991626395
memantine hcl er,701322.0,1.0,0.0025844467991626395
amphotericin b inhalation soln,1717240.0,1.0,0.0025844467991626395
mg im kit,,1.0,0.0025844467991626395
crofelemer,43013047.0,1.0,0.0025844467991626395
nilotinib hcl,1394023.0,1.0,0.0025844467991626395
paliperidone er,703244.0,1.0,0.0025844467991626395
retapamulin,991003.0,1.0,0.0025844467991626395
nepafenac,909795.0,1.0,0.0025844467991626395
lactulose encephalopathy,987245.0,1.0,0.0025844467991626395
praziquantel,1750461.0,1.0,0.0025844467991626395
clonidine hcl er,1398937.0,1.0,0.0025844467991626395
ml ij soln optime,,1.0,0.0025844467991626395
tacrolimus infusion,950637.0,1.0,0.0025844467991626395
gm va crea,,1.0,0.0025844467991626395
td gel,,1.0,0.0025844467991626395
alosetron hcl,948555.0,1.0,0.0025844467991626395
moxifloxacin,1716903.0,1.0,0.0025844467991626395
low dose,,1.0,0.0025844467991626395
mg tabs,,1.0,0.0025844467991626395
inv at,,1.0,0.0025844467991626395
pentobarbital sodium,730729.0,1.0,0.0025844467991626395
inv acetaminophen,,1.0,0.0025844467991626395
glucagon,1560278.0,1.0,0.0025844467991626395
cetirizine,1149196.0,1.0,0.0025844467991626395
pentobarbital loading dose from bag,730729.0,1.0,0.0025844467991626395
methotrexate ophthalmic inj,1305058.0,1.0,0.0025844467991626395
nadolol,1313200.0,1.0,0.0025844467991626395
fluticasone furoate,1149380.0,1.0,0.0025844467991626395
mg or kit,,1.0,0.0025844467991626395
inv pexastimogene devacirepvec,,1.0,0.0025844467991626395
prasugrel hcl,40163718.0,1.0,0.0025844467991626395
cyanocobalamin,,1.0,0.0025844467991626395
theophylline cr,1237049.0,1.0,0.0025844467991626395
ml or susr,,1.0,0.0025844467991626395
parathyroid hormone,43532113.0,1.0,0.0025844467991626395
mg ij susr,,1.0,0.0025844467991626395
mouth kote mt soln,,1.0,0.0025844467991626395
lutein,1310353.0,1.0,0.0025844467991626395
pembrolizumab infusion,45775965.0,1.0,0.0025844467991626395
rimegepant sulfate,37498993.0,1.0,0.0025844467991626395
bupropion hbr er,750982.0,1.0,0.0025844467991626395
ml ucsd,,1.0,0.0025844467991626395
aminophylline ivpb,1105775.0,1.0,0.0025844467991626395
liothyronine sodium powd,1505346.0,1.0,0.0025844467991626395
ibutilide ivpb,19050087.0,1.0,0.0025844467991626395
nafcillin sodium,1713930.0,1.0,0.0025844467991626395
omeprazole powd,923645.0,1.0,0.0025844467991626395
mg in sterile water,,1.0,0.0025844467991626395
repaglinide,1516766.0,1.0,0.0025844467991626395
coenzyme q,,1.0,0.0025844467991626395
trazodone,703547.0,1.0,0.0025844467991626395
belimumab,40236987.0,1.0,0.0025844467991626395
rilpivirine,40238930.0,1.0,0.0025844467991626395
zaleplon,720727.0,1.0,0.0025844467991626395
thalidomide,19137042.0,1.0,0.0025844467991626395
po susp,,1.0,0.0025844467991626395
td pttw,,1.0,0.0025844467991626395
gm re enem,,1.0,0.0025844467991626395
vigabatrin,19020002.0,1.0,0.0025844467991626395
ij soln intranasal,,1.0,0.0025844467991626395
pazopanib hcl,40167554.0,1.0,0.0025844467991626395
dexmedetomidine ped,19061088.0,1.0,0.0025844467991626395
bosutinib,42900401.0,1.0,0.0025844467991626395
formoterol,1196677.0,1.0,0.0025844467991626395
cycloserine,1710446.0,1.0,0.0025844467991626395
norgestrel,1521592.0,1.0,0.0025844467991626395
dichlorphenamide,924296.0,1.0,0.0025844467991626395
inv htx,,1.0,0.0025844467991626395
efinaconazole,45775080.0,1.0,0.0025844467991626395
tiopronin,903031.0,1.0,0.0025844467991626395
dalbavancin ivpb,45774861.0,1.0,0.0025844467991626395
pralatrexate,40166461.0,1.0,0.0025844467991626395
glucosamine chondr,1360332.0,1.0,0.0025844467991626395
tapentadol hcl er,19026459.0,1.0,0.0025844467991626395
inv tak,,1.0,0.0025844467991626395
levomilnacipran hcl er,43560354.0,1.0,0.0025844467991626395
floranex,,1.0,0.0025844467991626395
doravirine,35200446.0,1.0,0.0025844467991626395
ganciclovir,1757803.0,1.0,0.0025844467991626395
mg po cp,,1.0,0.0025844467991626395
topiramate er,742267.0,1.0,0.0025844467991626395
nirmatrelvir,702530.0,1.0,0.0025844467991626395
alprostadil,1381504.0,1.0,0.0025844467991626395
bortezomib chemo sq injection,1336825.0,1.0,0.0025844467991626395
mitoxantrone chemo injection,1309188.0,1.0,0.0025844467991626395
lipoic acid,36878693.0,1.0,0.0025844467991626395
trientine hcl,19004969.0,1.0,0.0025844467991626395
anticoagulant sodium citrate,,1.0,0.0025844467991626395
simethicone extra strength,966991.0,1.0,0.0025844467991626395
cladribine chemo infusion,19054825.0,1.0,0.0025844467991626395
vericiguat,739665.0,1.0,0.0025844467991626395
decitabine chemo infusion,19024728.0,1.0,0.0025844467991626395
treprostinil,1327256.0,1.0,0.0025844467991626395
quercetin,19060393.0,1.0,0.0025844467991626395
ed only,,1.0,0.0025844467991626395
histamine dihcl,19069019.0,1.0,0.0025844467991626395
omadacycline tosylate,35200953.0,1.0,0.0025844467991626395
progesterone micro,1552310.0,1.0,0.0025844467991626395
immune globulin,,1.0,0.0025844467991626395
estriol,19049038.0,1.0,0.0025844467991626395
gentian violet,959362.0,1.0,0.0025844467991626395
procainamide ivpb,1351461.0,1.0,0.0025844467991626395
edoxaban tosylate,45892847.0,1.0,0.0025844467991626395
chlorpheniramine maleate,1192710.0,1.0,0.0025844467991626395
paclitaxel intraperitoneal instillation,1378382.0,1.0,0.0025844467991626395
propylene glycol,929128.0,1.0,0.0025844467991626395
procainamide infusion,1351461.0,1.0,0.0025844467991626395
treprostinil diolamine er,1327256.0,1.0,0.0025844467991626395
pantoprazole infusion,948078.0,1.0,0.0025844467991626395
metyrapone,19007490.0,1.0,0.0025844467991626395
rabies virus vaccine,46234308.0,1.0,0.0025844467991626395
gm injection,,1.0,0.0025844467991626395
indigo carmine,43532336.0,1.0,0.0025844467991626395
penicillin g sodium,1728416.0,1.0,0.0025844467991626395
cetuximab chemo infusion,1315411.0,1.0,0.0025844467991626395
diclofenac epolamine,1124300.0,1.0,0.0025844467991626395
leucovorin calcium ped,1388796.0,1.0,0.0025844467991626395
belinostat ivpb,45776670.0,1.0,0.0025844467991626395
bcg,,1.0,0.0025844467991626395
cholestyramine light,,1.0,0.0025844467991626395
clavulanate,1759842.0,1.0,0.0025844467991626395
glutamine,19060985.0,1.0,0.0025844467991626395
ertugliflozin l,793293.0,1.0,0.0025844467991626395
bepotastine besilate,40166571.0,1.0,0.0025844467991626395
alteplase intraventricular injection,1347450.0,1.0,0.0025844467991626395
metformin,1503297.0,1.0,0.0025844467991626395
iv bolus from bag,,1.0,0.0025844467991626395
clofazimine powd,1798476.0,1.0,0.0025844467991626395
clindamycin,997881.0,1.0,0.0025844467991626395
million units,,1.0,0.0025844467991626395
naltrexone,1714319.0,1.0,0.0025844467991626395
mg iv susr,,1.0,0.0025844467991626395
desmopressin ace spray refrig,1517070.0,1.0,0.0025844467991626395
rufinamide,19006586.0,1.0,0.0025844467991626395
dalfampridine er,40170680.0,1.0,0.0025844467991626395
apheresis replacement fluid,,1.0,0.0025844467991626395
amifostine,1350040.0,1.0,0.0025844467991626395
tasimelteon,44814600.0,1.0,0.0025844467991626395
fosamprenavir calcium,1736829.0,1.0,0.0025844467991626395
miltefosine,44816310.0,1.0,0.0025844467991626395
topotecan chemo infusion,1378509.0,1.0,0.0025844467991626395
mcg or tab,,1.0,0.0025844467991626395
phosphorus,19043395.0,1.0,0.0025844467991626395
nevirapine er,1769389.0,1.0,0.0025844467991626395
silodosin,19012925.0,1.0,0.0025844467991626395
methadone,1103640.0,1.0,0.0025844467991626395
rivastigmine,733523.0,1.0,0.0025844467991626395
deutetrabenazine,1593670.0,1.0,0.0025844467991626395
tafluprost,42709325.0,1.0,0.0025844467991626395
edaravone,1594308.0,1.0,0.0025844467991626395
levetiracetam er,711584.0,1.0,0.0025844467991626395
po soln,,1.0,0.0025844467991626395
fosinopril sodium,1363749.0,1.0,0.0025844467991626395
injection for topical administration,,1.0,0.0025844467991626395
sodium oxybate,19136048.0,1.0,0.0025844467991626395
glucose blood vi strp,1560524.0,1.0,0.0025844467991626395
valbenazine tosylate,1593849.0,1.0,0.0025844467991626395
abaloparatide,1594148.0,1.0,0.0025844467991626395
trametinib dimethyl sulfoxide,43532497.0,1.0,0.0025844467991626395
dabrafenib mesylate,43532299.0,1.0,0.0025844467991626395
arginine,19006410.0,1.0,0.0025844467991626395
pregnenolone powd,19011031.0,1.0,0.0025844467991626395
desipramine hcl,716968.0,1.0,0.0025844467991626395
fluvastatin sodium,1549686.0,1.0,0.0025844467991626395
teriparatide,1521987.0,1.0,0.0025844467991626395
vinblastine chemo infusion,19008264.0,1.0,0.0025844467991626395
sulfadiazine,1836391.0,1.0,0.0025844467991626395
ketotifen fumarate,986117.0,1.0,0.0025844467991626395
teriflunomide,42900584.0,1.0,0.0025844467991626395
mg injection,,1.0,0.0025844467991626395
gm pl aerp,,1.0,0.0025844467991626395
mineral oil liquid,908523.0,1.0,0.0025844467991626395
bendamustine chemo infusion,19015523.0,1.0,0.0025844467991626395
heparin dialysis catheter lock solution,1367571.0,1.0,0.0025844467991626395
adult replacement fluid infusion,,1.0,0.0025844467991626395
paliperidone palmitate,703244.0,1.0,0.0025844467991626395
betahistine dihydrochloride powd,19020124.0,1.0,0.0025844467991626395
etodolac cr,1195492.0,1.0,0.0025844467991626395
inv regn,,1.0,0.0025844467991626395
lycopene,1308185.0,1.0,0.0025844467991626395
io solr,,1.0,0.0025844467991626395
pyridoxine hcl,19005046.0,1.0,0.0025844467991626395
belladonna,,1.0,0.0025844467991626395
bexarotene,1389888.0,1.0,0.0025844467991626395
procedural sedation meperidine,,1.0,0.0025844467991626395
mg or cpdr,,1.0,0.0025844467991626395
olodaterol,45775116.0,1.0,0.0025844467991626395
tiotropium bromide,1106776.0,1.0,0.0025844467991626395
anesthesia epidural infusion,,1.0,0.0025844467991626395
inv tirapazamine injection,,1.0,0.0025844467991626395
ethacrynate sodium neonatal in dextrose,987406.0,1.0,0.0025844467991626395
sestamibi iv kit,,1.0,0.0025844467991626395
zanubrutinib,37497691.0,1.0,0.0025844467991626395
triamcinolone and bupivicaine pf,903963.0,1.0,0.0025844467991626395
cholestyramine,,1.0,0.0025844467991626395
thioridazine hcl,700299.0,1.0,0.0025844467991626395
dimethyl fumarate,43526424.0,1.0,0.0025844467991626395
nicardipine ped,1318137.0,1.0,0.0025844467991626395
surgifoam gelatin powder kit,,1.0,0.0025844467991626395
dacarbazine chemo infusion,1311409.0,1.0,0.0025844467991626395
quinine sulfate,1760616.0,1.0,0.0025844467991626395
op gel,,1.0,0.0025844467991626395
apple cider vinegar,1337331.0,1.0,0.0025844467991626395
td ptwk,,1.0,0.0025844467991626395
filgrastim neonatal,1304850.0,1.0,0.0025844467991626395
units po tabs,,1.0,0.0025844467991626395
bleomycin sulfate,1329241.0,1.0,0.0025844467991626395
oxcarbazepine er,718122.0,1.0,0.0025844467991626395
mupirocin powd,951511.0,1.0,0.0025844467991626395
antipyrine,1036059.0,1.0,0.0025844467991626395
lamotrigine er,705103.0,1.0,0.0025844467991626395
phenazopyridine,933724.0,1.0,0.0025844467991626395
procedural sedation ketamine,,1.0,0.0025844467991626395
desmopressin ace refrigerated,1517070.0,1.0,0.0025844467991626395
chlorpromazine ped,794852.0,1.0,0.0025844467991626395
tiagabine hcl,715458.0,1.0,0.0025844467991626395
tromethamine,19006047.0,1.0,0.0025844467991626395
tazobactam in d,1741122.0,1.0,0.0025844467991626395
lan,,1.0,0.0025844467991626395
microfibrillar coll hemostat ex powd,,1.0,0.0025844467991626395
milrinone ped,1368671.0,1.0,0.0025844467991626395
dexamethasone ophthalmic irrigation,1518254.0,1.0,0.0025844467991626395
bendamustine,19015523.0,1.0,0.0025844467991626395
voxelotor,37497986.0,1.0,0.0025844467991626395
bivalirudin loading dose from bag,19084670.0,1.0,0.0025844467991626395
aquaphor oint,,1.0,0.0025844467991626395
levothyroxine ped infusion,1501700.0,1.0,0.0025844467991626395
inv amg,,1.0,0.0025844467991626395
dexmedetomidine infusion,19061088.0,1.0,0.0025844467991626395
sod phos,,1.0,0.0025844467991626395
lactase,950183.0,1.0,0.0025844467991626395
aminocaproic acid iv bolus,,1.0,0.0025844467991626395
istradefylline,37496558.0,1.0,0.0025844467991626395
dexrazoxane ivpb,1353011.0,1.0,0.0025844467991626395
ventriculostomy irrigation solution,,1.0,0.0025844467991626395
enalapril,1341927.0,1.0,0.0025844467991626395
mg im solr,,1.0,0.0025844467991626395
diltiazem infusion,1328165.0,1.0,0.0025844467991626395
ml solution,,1.0,0.0025844467991626395
nivolumab infusion,45892628.0,1.0,0.0025844467991626395
nebulizer solution,,1.0,0.0025844467991626395
sterile water,,1.0,0.0025844467991626395
potassium nitrate,927322.0,1.0,0.0025844467991626395
cefuroxime ivpb,1778162.0,1.0,0.0025844467991626395
famciclovir,1703603.0,1.0,0.0025844467991626395
astaxanthin,40244281.0,1.0,0.0025844467991626395
pheniramine,933952.0,1.0,0.0025844467991626395
naphazoline,914533.0,1.0,0.0025844467991626395
glucosamine sulfate,1360332.0,1.0,0.0025844467991626395
amphetamine er,714785.0,1.0,0.0025844467991626395
esmolol loading dose from bag,19063575.0,1.0,0.0025844467991626395
bevacizumab,1397141.0,1.0,0.0025844467991626395
phenelzine sulfate,733896.0,1.0,0.0025844467991626395
sennosides,,1.0,0.0025844467991626395
emicizumab,793042.0,1.0,0.0025844467991626395
peg,,1.0,0.0025844467991626395
inv tirapazamine,,1.0,0.0025844467991626395
pegvisomant,1503432.0,1.0,0.0025844467991626395
iloperidone,19017241.0,1.0,0.0025844467991626395
candesartan cilexetil,1351557.0,1.0,0.0025844467991626395
mvi ivpb,,1.0,0.0025844467991626395
flush,,1.0,0.0025844467991626395
insulin pump refill,,1.0,0.0025844467991626395
refresh lacri,,1.0,0.0025844467991626395
lanthanum carbonate,990028.0,1.0,0.0025844467991626395
diazoxide,1523280.0,1.0,0.0025844467991626395
inv ly,,1.0,0.0025844467991626395
ml ij oil,,1.0,0.0025844467991626395
magnesium oxide powd,993631.0,1.0,0.0025844467991626395
sc pskt,,1.0,0.0025844467991626395
arformoterol tartrate,1111220.0,1.0,0.0025844467991626395
glutamine powd,19060985.0,1.0,0.0025844467991626395
zafirlukast,1111706.0,1.0,0.0025844467991626395
doxorubicin chemo infusion,1338512.0,1.0,0.0025844467991626395
pyrimethamine,1760039.0,1.0,0.0025844467991626395
oxybutynin,918906.0,1.0,0.0025844467991626395
isradipine,1326012.0,1.0,0.0025844467991626395
capecitabine,1337620.0,1.0,0.0025844467991626395
estrogens conjugated ivpb,19049228.0,1.0,0.0025844467991626395
triple antibiotic,,1.0,0.0025844467991626395
fleet adult enema,,1.0,0.0025844467991626395
aquaphor ex oint,,1.0,0.0025844467991626395
ml ns infusion kit,,1.0,0.0025844467991626395
labetalol neonatal,1386957.0,1.0,0.0025844467991626395
dexamethasone in nacl,1518254.0,1.0,0.0025844467991626395
perindopril arg,1373225.0,1.0,0.0025844467991626395
inotuzumab ozogamicin chemo ivpb,794068.0,1.0,0.0025844467991626395
saxagliptin hcl,40166035.0,1.0,0.0025844467991626395
cefoxitin,1775741.0,1.0,0.0025844467991626395
oxymorphone hcl,1125765.0,1.0,0.0025844467991626395
mcg po tabs,,1.0,0.0025844467991626395
sodium phosphate monobasic gran,939871.0,1.0,0.0025844467991626395
sucralfate pediatric or susp,1036228.0,1.0,0.0025844467991626395
unit or caps,,1.0,0.0025844467991626395
lenvatinib,46221433.0,1.0,0.0025844467991626395
protriptyline hcl,754270.0,1.0,0.0025844467991626395
progesterone td crea,1552310.0,1.0,0.0025844467991626395
methoxsalen,905223.0,1.0,0.0025844467991626395
hydromorphone dose from bag,1126658.0,1.0,0.0025844467991626395
etanercept,1151789.0,1.0,0.0025844467991626395
copanlisib chemo ivpb,792499.0,1.0,0.0025844467991626395
folate,1387426.0,1.0,0.0025844467991626395
amikacin,1790868.0,1.0,0.0025844467991626395
cefazolin in d,1771162.0,1.0,0.0025844467991626395
lanolin ex cream,19087317.0,1.0,0.0025844467991626395
paclitaxel chemo infusion for desensitization,1378382.0,1.0,0.0025844467991626395
gm or pack,,1.0,0.0025844467991626395
ribavirin,1762711.0,1.0,0.0025844467991626395
potassium chloride neonatal in d,19049105.0,1.0,0.0025844467991626395
tigecycline ivpb in,1742432.0,1.0,0.0025844467991626395
solution,,1.0,0.0025844467991626395
acebutolol hcl,1319998.0,1.0,0.0025844467991626395
ethosuximide,750119.0,1.0,0.0025844467991626395
dextromethorphan hbr,1119510.0,1.0,0.0025844467991626395
pramipexole dihydrochloride er,720810.0,1.0,0.0025844467991626395
clindamycin ophthalmic inj,997881.0,1.0,0.0025844467991626395
castor oil oil,950933.0,1.0,0.0025844467991626395
betamethasone dipropionate,920458.0,1.0,0.0025844467991626395
simethicone in sterile water irrigation,966991.0,1.0,0.0025844467991626395
abciximab,19047423.0,1.0,0.0025844467991626395
premix infusion,,1.0,0.0025844467991626395
ml oral solution,,1.0,0.0025844467991626395
methyldopa,1305447.0,1.0,0.0025844467991626395
cefotaxime ivpb,1774470.0,1.0,0.0025844467991626395
camphor,938205.0,1.0,0.0025844467991626395
ammonia aromatic in inha,42800417.0,1.0,0.0025844467991626395
corticotropin,1541079.0,1.0,0.0025844467991626395
lutein po tabs,1310353.0,1.0,0.0025844467991626395
clorazepate dipotassium,790253.0,1.0,0.0025844467991626395
g iv solr,,1.0,0.0025844467991626395
verapamil,1307863.0,1.0,0.0025844467991626395
bss plus io soln,,1.0,0.0025844467991626395
unit im solr,,1.0,0.0025844467991626395
neostigmine,717136.0,1.0,0.0025844467991626395
,,,
